category,letter,variation,prompt
art,B,1,"Overhead studio photograph of the capital letter B built from real art and drafting supplies (rulers, set squares, compasses, brushes, palettes, French curves), laid flat on a seamless pure white background. Soft diffused daylight from the upper left, faint natural contact shadows, sharp focus, true-to-life colour and texture, the letter centred with generous white margin. A real photograph of real objects — not an illustration, not a 3D render, no text, no other letters. Use different objects from these: none yet."
art,B,2,"Overhead studio photograph of the capital letter B built from real art and drafting supplies (rulers, set squares, compasses, brushes, palettes, French curves), laid flat on a seamless pure white background. Soft diffused daylight from the upper left, faint natural contact shadows, sharp focus, true-to-life colour and texture, the letter centred with generous white margin. A real photograph of real objects — not an illustration, not a 3D render, no text, no other letters. Use different objects from these: none yet."
art,B,3,"Overhead studio photograph of the capital letter B built from real art and drafting supplies (rulers, set squares, compasses, brushes, palettes, French curves), laid flat on a seamless pure white background. Soft diffused daylight from the upper left, faint natural contact shadows, sharp focus, true-to-life colour and texture, the letter centred with generous white margin. A real photograph of real objects — not an illustration, not a 3D render, no text, no other letters. Use different objects from these: none yet."
art,C,1,"Overhead studio photograph of the capital letter C built from real art and drafting supplies (rulers, set squares, compasses, brushes, palettes, French curves), laid flat on a seamless pure white background. Soft diffused daylight from the upper left, faint natural contact shadows, sharp focus, true-to-life colour and texture, the letter centred with generous white margin. A real photograph of real objects — not an illustration, not a 3D render, no text, no other letters. Use different objects from these: none yet."
art,C,2,"Overhead studio photograph of the capital letter C built from real art and drafting supplies (rulers, set squares, compasses, brushes, palettes, French curves), laid flat on a seamless pure white background. Soft diffused daylight from the upper left, faint natural contact shadows, sharp focus, true-to-life colour and texture, the letter centred with generous white margin. A real photograph of real objects — not an illustration, not a 3D render, no text, no other letters. Use different objects from these: none yet."
art,C,3,"Overhead studio photograph of the capital letter C built from real art and drafting supplies (rulers, set squares, compasses, brushes, palettes, French curves), laid flat on a seamless pure white background. Soft diffused daylight from the upper left, faint natural contact shadows, sharp focus, true-to-life colour and texture, the letter centred with generous white margin. A real photograph of real objects — not an illustration, not a 3D render, no text, no other letters. Use different objects from these: none yet."
art,E,2,"Overhead studio photograph of the capital letter E built from real art and drafting supplies (rulers, set squares, compasses, brushes, palettes, French curves), laid flat on a seamless pure white background. Soft diffused daylight from the upper left, faint natural contact shadows, sharp focus, true-to-life colour and texture, the letter centred with generous white margin. A real photograph of real objects — not an illustration, not a 3D render, no text, no other letters. Use different objects from these: paint palette."
art,E,3,"Overhead studio photograph of the capital letter E built from real art and drafting supplies (rulers, set squares, compasses, brushes, palettes, French curves), laid flat on a seamless pure white background. Soft diffused daylight from the upper left, faint natural contact shadows, sharp focus, true-to-life colour and texture, the letter centred with generous white margin. A real photograph of real objects — not an illustration, not a 3D render, no text, no other letters. Use different objects from these: paint palette."
art,F,2,"Overhead studio photograph of the capital letter F built from real art and drafting supplies (rulers, set squares, compasses, brushes, palettes, French curves), laid flat on a seamless pure white background. Soft diffused daylight from the upper left, faint natural contact shadows, sharp focus, true-to-life colour and texture, the letter centred with generous white margin. A real photograph of real objects — not an illustration, not a 3D render, no text, no other letters. Use different objects from these: French curve."
art,F,3,"Overhead studio photograph of the capital letter F built from real art and drafting supplies (rulers, set squares, compasses, brushes, palettes, French curves), laid flat on a seamless pure white background. Soft diffused daylight from the upper left, faint natural contact shadows, sharp focus, true-to-life colour and texture, the letter centred with generous white margin. A real photograph of real objects — not an illustration, not a 3D render, no text, no other letters. Use different objects from these: French curve."
art,G,2,"Overhead studio photograph of the capital letter G built from real art and drafting supplies (rulers, set squares, compasses, brushes, palettes, French curves), laid flat on a seamless pure white background. Soft diffused daylight from the upper left, faint natural contact shadows, sharp focus, true-to-life colour and texture, the letter centred with generous white margin. A real photograph of real objects — not an illustration, not a 3D render, no text, no other letters. Use different objects from these: protractor + pencil."
art,G,3,"Overhead studio photograph of the capital letter G built from real art and drafting supplies (rulers, set squares, compasses, brushes, palettes, French curves), laid flat on a seamless pure white background. Soft diffused daylight from the upper left, faint natural contact shadows, sharp focus, true-to-life colour and texture, the letter centred with generous white margin. A real photograph of real objects — not an illustration, not a 3D render, no text, no other letters. Use different objects from these: protractor + pencil."
art,H,1,"Overhead studio photograph of the capital letter H built from real art and drafting supplies (rulers, set squares, compasses, brushes, palettes, French curves), laid flat on a seamless pure white background. Soft diffused daylight from the upper left, faint natural contact shadows, sharp focus, true-to-life colour and texture, the letter centred with generous white margin. A real photograph of real objects — not an illustration, not a 3D render, no text, no other letters. Use different objects from these: none yet."
art,H,2,"Overhead studio photograph of the capital letter H built from real art and drafting supplies (rulers, set squares, compasses, brushes, palettes, French curves), laid flat on a seamless pure white background. Soft diffused daylight from the upper left, faint natural contact shadows, sharp focus, true-to-life colour and texture, the letter centred with generous white margin. A real photograph of real objects — not an illustration, not a 3D render, no text, no other letters. Use different objects from these: none yet."
art,H,3,"Overhead studio photograph of the capital letter H built from real art and drafting supplies (rulers, set squares, compasses, brushes, palettes, French curves), laid flat on a seamless pure white background. Soft diffused daylight from the upper left, faint natural contact shadows, sharp focus, true-to-life colour and texture, the letter centred with generous white margin. A real photograph of real objects — not an illustration, not a 3D render, no text, no other letters. Use different objects from these: none yet."
art,I,1,"Overhead studio photograph of the capital letter I built from real art and drafting supplies (rulers, set squares, compasses, brushes, palettes, French curves), laid flat on a seamless pure white background. Soft diffused daylight from the upper left, faint natural contact shadows, sharp focus, true-to-life colour and texture, the letter centred with generous white margin. A real photograph of real objects — not an illustration, not a 3D render, no text, no other letters. Use different objects from these: none yet."
art,I,2,"Overhead studio photograph of the capital letter I built from real art and drafting supplies (rulers, set squares, compasses, brushes, palettes, French curves), laid flat on a seamless pure white background. Soft diffused daylight from the upper left, faint natural contact shadows, sharp focus, true-to-life colour and texture, the letter centred with generous white margin. A real photograph of real objects — not an illustration, not a 3D render, no text, no other letters. Use different objects from these: none yet."
art,I,3,"Overhead studio photograph of the capital letter I built from real art and drafting supplies (rulers, set squares, compasses, brushes, palettes, French curves), laid flat on a seamless pure white background. Soft diffused daylight from the upper left, faint natural contact shadows, sharp focus, true-to-life colour and texture, the letter centred with generous white margin. A real photograph of real objects — not an illustration, not a 3D render, no text, no other letters. Use different objects from these: none yet."
art,J,3,"Overhead studio photograph of the capital letter J built from real art and drafting supplies (rulers, set squares, compasses, brushes, palettes, French curves), laid flat on a seamless pure white background. Soft diffused daylight from the upper left, faint natural contact shadows, sharp focus, true-to-life colour and texture, the letter centred with generous white margin. A real photograph of real objects — not an illustration, not a 3D render, no text, no other letters. Use different objects from these: calligraphy brush; flexible curve."
art,K,3,"Overhead studio photograph of the capital letter K built from real art and drafting supplies (rulers, set squares, compasses, brushes, palettes, French curves), laid flat on a seamless pure white background. Soft diffused daylight from the upper left, faint natural contact shadows, sharp focus, true-to-life colour and texture, the letter centred with generous white margin. A real photograph of real objects — not an illustration, not a 3D render, no text, no other letters. Use different objects from these: paintbrush + paint tubes; pen + drawing compass."
art,L,3,"Overhead studio photograph of the capital letter L built from real art and drafting supplies (rulers, set squares, compasses, brushes, palettes, French curves), laid flat on a seamless pure white background. Soft diffused daylight from the upper left, faint natural contact shadows, sharp focus, true-to-life colour and texture, the letter centred with generous white margin. A real photograph of real objects — not an illustration, not a 3D render, no text, no other letters. Use different objects from these: L-square."
art,M,3,"Overhead studio photograph of the capital letter M built from real art and drafting supplies (rulers, set squares, compasses, brushes, palettes, French curves), laid flat on a seamless pure white background. Soft diffused daylight from the upper left, faint natural contact shadows, sharp focus, true-to-life colour and texture, the letter centred with generous white margin. A real photograph of real objects — not an illustration, not a 3D render, no text, no other letters. Use different objects from these: book stands; paint tubes."
art,N,3,"Overhead studio photograph of the capital letter N built from real art and drafting supplies (rulers, set squares, compasses, brushes, palettes, French curves), laid flat on a seamless pure white background. Soft diffused daylight from the upper left, faint natural contact shadows, sharp focus, true-to-life colour and texture, the letter centred with generous white margin. A real photograph of real objects — not an illustration, not a 3D render, no text, no other letters. Use different objects from these: drawing compass; paintbrushes + pencil."
art,P,2,"Overhead studio photograph of the capital letter P built from real art and drafting supplies (rulers, set squares, compasses, brushes, palettes, French curves), laid flat on a seamless pure white background. Soft diffused daylight from the upper left, faint natural contact shadows, sharp focus, true-to-life colour and texture, the letter centred with generous white margin. A real photograph of real objects — not an illustration, not a 3D render, no text, no other letters. Use different objects from these: green clay/pompom."
art,P,3,"Overhead studio photograph of the capital letter P built from real art and drafting supplies (rulers, set squares, compasses, brushes, palettes, French curves), laid flat on a seamless pure white background. Soft diffused daylight from the upper left, faint natural contact shadows, sharp focus, true-to-life colour and texture, the letter centred with generous white margin. A real photograph of real objects — not an illustration, not a 3D render, no text, no other letters. Use different objects from these: green clay/pompom."
art,Q,1,"Overhead studio photograph of the capital letter Q built from real art and drafting supplies (rulers, set squares, compasses, brushes, palettes, French curves), laid flat on a seamless pure white background. Soft diffused daylight from the upper left, faint natural contact shadows, sharp focus, true-to-life colour and texture, the letter centred with generous white margin. A real photograph of real objects — not an illustration, not a 3D render, no text, no other letters. Use different objects from these: none yet."
art,Q,2,"Overhead studio photograph of the capital letter Q built from real art and drafting supplies (rulers, set squares, compasses, brushes, palettes, French curves), laid flat on a seamless pure white background. Soft diffused daylight from the upper left, faint natural contact shadows, sharp focus, true-to-life colour and texture, the letter centred with generous white margin. A real photograph of real objects — not an illustration, not a 3D render, no text, no other letters. Use different objects from these: none yet."
art,Q,3,"Overhead studio photograph of the capital letter Q built from real art and drafting supplies (rulers, set squares, compasses, brushes, palettes, French curves), laid flat on a seamless pure white background. Soft diffused daylight from the upper left, faint natural contact shadows, sharp focus, true-to-life colour and texture, the letter centred with generous white margin. A real photograph of real objects — not an illustration, not a 3D render, no text, no other letters. Use different objects from these: none yet."
art,S,3,"Overhead studio photograph of the capital letter S built from real art and drafting supplies (rulers, set squares, compasses, brushes, palettes, French curves), laid flat on a seamless pure white background. Soft diffused daylight from the upper left, faint natural contact shadows, sharp focus, true-to-life colour and texture, the letter centred with generous white margin. A real photograph of real objects — not an illustration, not a 3D render, no text, no other letters. Use different objects from these: French curve; flexible curve."
art,T,3,"Overhead studio photograph of the capital letter T built from real art and drafting supplies (rulers, set squares, compasses, brushes, palettes, French curves), laid flat on a seamless pure white background. Soft diffused daylight from the upper left, faint natural contact shadows, sharp focus, true-to-life colour and texture, the letter centred with generous white margin. A real photograph of real objects — not an illustration, not a 3D render, no text, no other letters. Use different objects from these: T-square; wooden ruler."
art,U,1,"Overhead studio photograph of the capital letter U built from real art and drafting supplies (rulers, set squares, compasses, brushes, palettes, French curves), laid flat on a seamless pure white background. Soft diffused daylight from the upper left, faint natural contact shadows, sharp focus, true-to-life colour and texture, the letter centred with generous white margin. A real photograph of real objects — not an illustration, not a 3D render, no text, no other letters. Use different objects from these: none yet."
art,U,2,"Overhead studio photograph of the capital letter U built from real art and drafting supplies (rulers, set squares, compasses, brushes, palettes, French curves), laid flat on a seamless pure white background. Soft diffused daylight from the upper left, faint natural contact shadows, sharp focus, true-to-life colour and texture, the letter centred with generous white margin. A real photograph of real objects — not an illustration, not a 3D render, no text, no other letters. Use different objects from these: none yet."
art,U,3,"Overhead studio photograph of the capital letter U built from real art and drafting supplies (rulers, set squares, compasses, brushes, palettes, French curves), laid flat on a seamless pure white background. Soft diffused daylight from the upper left, faint natural contact shadows, sharp focus, true-to-life colour and texture, the letter centred with generous white margin. A real photograph of real objects — not an illustration, not a 3D render, no text, no other letters. Use different objects from these: none yet."
art,V,2,"Overhead studio photograph of the capital letter V built from real art and drafting supplies (rulers, set squares, compasses, brushes, palettes, French curves), laid flat on a seamless pure white background. Soft diffused daylight from the upper left, faint natural contact shadows, sharp focus, true-to-life colour and texture, the letter centred with generous white margin. A real photograph of real objects — not an illustration, not a 3D render, no text, no other letters. Use different objects from these: drawing compass."
art,V,3,"Overhead studio photograph of the capital letter V built from real art and drafting supplies (rulers, set squares, compasses, brushes, palettes, French curves), laid flat on a seamless pure white background. Soft diffused daylight from the upper left, faint natural contact shadows, sharp focus, true-to-life colour and texture, the letter centred with generous white margin. A real photograph of real objects — not an illustration, not a 3D render, no text, no other letters. Use different objects from these: drawing compass."
art,W,1,"Overhead studio photograph of the capital letter W built from real art and drafting supplies (rulers, set squares, compasses, brushes, palettes, French curves), laid flat on a seamless pure white background. Soft diffused daylight from the upper left, faint natural contact shadows, sharp focus, true-to-life colour and texture, the letter centred with generous white margin. A real photograph of real objects — not an illustration, not a 3D render, no text, no other letters. Use different objects from these: none yet."
art,W,2,"Overhead studio photograph of the capital letter W built from real art and drafting supplies (rulers, set squares, compasses, brushes, palettes, French curves), laid flat on a seamless pure white background. Soft diffused daylight from the upper left, faint natural contact shadows, sharp focus, true-to-life colour and texture, the letter centred with generous white margin. A real photograph of real objects — not an illustration, not a 3D render, no text, no other letters. Use different objects from these: none yet."
art,W,3,"Overhead studio photograph of the capital letter W built from real art and drafting supplies (rulers, set squares, compasses, brushes, palettes, French curves), laid flat on a seamless pure white background. Soft diffused daylight from the upper left, faint natural contact shadows, sharp focus, true-to-life colour and texture, the letter centred with generous white margin. A real photograph of real objects — not an illustration, not a 3D render, no text, no other letters. Use different objects from these: none yet."
art,X,2,"Overhead studio photograph of the capital letter X built from real art and drafting supplies (rulers, set squares, compasses, brushes, palettes, French curves), laid flat on a seamless pure white background. Soft diffused daylight from the upper left, faint natural contact shadows, sharp focus, true-to-life colour and texture, the letter centred with generous white margin. A real photograph of real objects — not an illustration, not a 3D render, no text, no other letters. Use different objects from these: wood strips."
art,X,3,"Overhead studio photograph of the capital letter X built from real art and drafting supplies (rulers, set squares, compasses, brushes, palettes, French curves), laid flat on a seamless pure white background. Soft diffused daylight from the upper left, faint natural contact shadows, sharp focus, true-to-life colour and texture, the letter centred with generous white margin. A real photograph of real objects — not an illustration, not a 3D render, no text, no other letters. Use different objects from these: wood strips."
art,Y,1,"Overhead studio photograph of the capital letter Y built from real art and drafting supplies (rulers, set squares, compasses, brushes, palettes, French curves), laid flat on a seamless pure white background. Soft diffused daylight from the upper left, faint natural contact shadows, sharp focus, true-to-life colour and texture, the letter centred with generous white margin. A real photograph of real objects — not an illustration, not a 3D render, no text, no other letters. Use different objects from these: none yet."
art,Y,2,"Overhead studio photograph of the capital letter Y built from real art and drafting supplies (rulers, set squares, compasses, brushes, palettes, French curves), laid flat on a seamless pure white background. Soft diffused daylight from the upper left, faint natural contact shadows, sharp focus, true-to-life colour and texture, the letter centred with generous white margin. A real photograph of real objects — not an illustration, not a 3D render, no text, no other letters. Use different objects from these: none yet."
art,Y,3,"Overhead studio photograph of the capital letter Y built from real art and drafting supplies (rulers, set squares, compasses, brushes, palettes, French curves), laid flat on a seamless pure white background. Soft diffused daylight from the upper left, faint natural contact shadows, sharp focus, true-to-life colour and texture, the letter centred with generous white margin. A real photograph of real objects — not an illustration, not a 3D render, no text, no other letters. Use different objects from these: none yet."
art,Z,2,"Overhead studio photograph of the capital letter Z built from real art and drafting supplies (rulers, set squares, compasses, brushes, palettes, French curves), laid flat on a seamless pure white background. Soft diffused daylight from the upper left, faint natural contact shadows, sharp focus, true-to-life colour and texture, the letter centred with generous white margin. A real photograph of real objects — not an illustration, not a 3D render, no text, no other letters. Use different objects from these: ruler + utility knife."
art,Z,3,"Overhead studio photograph of the capital letter Z built from real art and drafting supplies (rulers, set squares, compasses, brushes, palettes, French curves), laid flat on a seamless pure white background. Soft diffused daylight from the upper left, faint natural contact shadows, sharp focus, true-to-life colour and texture, the letter centred with generous white margin. A real photograph of real objects — not an illustration, not a 3D render, no text, no other letters. Use different objects from these: ruler + utility knife."
electronics,A,2,"Overhead studio photograph of the capital letter A built from real electronic components and small devices (cables, connectors, plugs, switches, circuit parts), laid flat on a seamless pure white background. Soft diffused daylight from the upper left, faint natural contact shadows, sharp focus, true-to-life colour and texture, the letter centred with generous white margin. A real photograph of real objects — not an illustration, not a 3D render, no text, no other letters. Use different objects from these: sensor with leads."
electronics,A,3,"Overhead studio photograph of the capital letter A built from real electronic components and small devices (cables, connectors, plugs, switches, circuit parts), laid flat on a seamless pure white background. Soft diffused daylight from the upper left, faint natural contact shadows, sharp focus, true-to-life colour and texture, the letter centred with generous white margin. A real photograph of real objects — not an illustration, not a 3D render, no text, no other letters. Use different objects from these: sensor with leads."
electronics,B,2,"Overhead studio photograph of the capital letter B built from real electronic components and small devices (cables, connectors, plugs, switches, circuit parts), laid flat on a seamless pure white background. Soft diffused daylight from the upper left, faint natural contact shadows, sharp focus, true-to-life colour and texture, the letter centred with generous white margin. A real photograph of real objects — not an illustration, not a 3D render, no text, no other letters. Use different objects from these: red push button."
electronics,B,3,"Overhead studio photograph of the capital letter B built from real electronic components and small devices (cables, connectors, plugs, switches, circuit parts), laid flat on a seamless pure white background. Soft diffused daylight from the upper left, faint natural contact shadows, sharp focus, true-to-life colour and texture, the letter centred with generous white margin. A real photograph of real objects — not an illustration, not a 3D render, no text, no other letters. Use different objects from these: red push button."
electronics,C,1,"Overhead studio photograph of the capital letter C built from real electronic components and small devices (cables, connectors, plugs, switches, circuit parts), laid flat on a seamless pure white background. Soft diffused daylight from the upper left, faint natural contact shadows, sharp focus, true-to-life colour and texture, the letter centred with generous white margin. A real photograph of real objects — not an illustration, not a 3D render, no text, no other letters. Use different objects from these: none yet."
electronics,C,2,"Overhead studio photograph of the capital letter C built from real electronic components and small devices (cables, connectors, plugs, switches, circuit parts), laid flat on a seamless pure white background. Soft diffused daylight from the upper left, faint natural contact shadows, sharp focus, true-to-life colour and texture, the letter centred with generous white margin. A real photograph of real objects — not an illustration, not a 3D render, no text, no other letters. Use different objects from these: none yet."
electronics,C,3,"Overhead studio photograph of the capital letter C built from real electronic components and small devices (cables, connectors, plugs, switches, circuit parts), laid flat on a seamless pure white background. Soft diffused daylight from the upper left, faint natural contact shadows, sharp focus, true-to-life colour and texture, the letter centred with generous white margin. A real photograph of real objects — not an illustration, not a 3D render, no text, no other letters. Use different objects from these: none yet."
electronics,D,1,"Overhead studio photograph of the capital letter D built from real electronic components and small devices (cables, connectors, plugs, switches, circuit parts), laid flat on a seamless pure white background. Soft diffused daylight from the upper left, faint natural contact shadows, sharp focus, true-to-life colour and texture, the letter centred with generous white margin. A real photograph of real objects — not an illustration, not a 3D render, no text, no other letters. Use different objects from these: none yet."
electronics,D,2,"Overhead studio photograph of the capital letter D built from real electronic components and small devices (cables, connectors, plugs, switches, circuit parts), laid flat on a seamless pure white background. Soft diffused daylight from the upper left, faint natural contact shadows, sharp focus, true-to-life colour and texture, the letter centred with generous white margin. A real photograph of real objects — not an illustration, not a 3D render, no text, no other letters. Use different objects from these: none yet."
electronics,D,3,"Overhead studio photograph of the capital letter D built from real electronic components and small devices (cables, connectors, plugs, switches, circuit parts), laid flat on a seamless pure white background. Soft diffused daylight from the upper left, faint natural contact shadows, sharp focus, true-to-life colour and texture, the letter centred with generous white margin. A real photograph of real objects — not an illustration, not a 3D render, no text, no other letters. Use different objects from these: none yet."
electronics,E,1,"Overhead studio photograph of the capital letter E built from real electronic components and small devices (cables, connectors, plugs, switches, circuit parts), laid flat on a seamless pure white background. Soft diffused daylight from the upper left, faint natural contact shadows, sharp focus, true-to-life colour and texture, the letter centred with generous white margin. A real photograph of real objects — not an illustration, not a 3D render, no text, no other letters. Use different objects from these: none yet."
electronics,E,2,"Overhead studio photograph of the capital letter E built from real electronic components and small devices (cables, connectors, plugs, switches, circuit parts), laid flat on a seamless pure white background. Soft diffused daylight from the upper left, faint natural contact shadows, sharp focus, true-to-life colour and texture, the letter centred with generous white margin. A real photograph of real objects — not an illustration, not a 3D render, no text, no other letters. Use different objects from these: none yet."
electronics,E,3,"Overhead studio photograph of the capital letter E built from real electronic components and small devices (cables, connectors, plugs, switches, circuit parts), laid flat on a seamless pure white background. Soft diffused daylight from the upper left, faint natural contact shadows, sharp focus, true-to-life colour and texture, the letter centred with generous white margin. A real photograph of real objects — not an illustration, not a 3D render, no text, no other letters. Use different objects from these: none yet."
electronics,F,1,"Overhead studio photograph of the capital letter F built from real electronic components and small devices (cables, connectors, plugs, switches, circuit parts), laid flat on a seamless pure white background. Soft diffused daylight from the upper left, faint natural contact shadows, sharp focus, true-to-life colour and texture, the letter centred with generous white margin. A real photograph of real objects — not an illustration, not a 3D render, no text, no other letters. Use different objects from these: none yet."
electronics,F,2,"Overhead studio photograph of the capital letter F built from real electronic components and small devices (cables, connectors, plugs, switches, circuit parts), laid flat on a seamless pure white background. Soft diffused daylight from the upper left, faint natural contact shadows, sharp focus, true-to-life colour and texture, the letter centred with generous white margin. A real photograph of real objects — not an illustration, not a 3D render, no text, no other letters. Use different objects from these: none yet."
electronics,F,3,"Overhead studio photograph of the capital letter F built from real electronic components and small devices (cables, connectors, plugs, switches, circuit parts), laid flat on a seamless pure white background. Soft diffused daylight from the upper left, faint natural contact shadows, sharp focus, true-to-life colour and texture, the letter centred with generous white margin. A real photograph of real objects — not an illustration, not a 3D render, no text, no other letters. Use different objects from these: none yet."
electronics,G,1,"Overhead studio photograph of the capital letter G built from real electronic components and small devices (cables, connectors, plugs, switches, circuit parts), laid flat on a seamless pure white background. Soft diffused daylight from the upper left, faint natural contact shadows, sharp focus, true-to-life colour and texture, the letter centred with generous white margin. A real photograph of real objects — not an illustration, not a 3D render, no text, no other letters. Use different objects from these: none yet."
electronics,G,2,"Overhead studio photograph of the capital letter G built from real electronic components and small devices (cables, connectors, plugs, switches, circuit parts), laid flat on a seamless pure white background. Soft diffused daylight from the upper left, faint natural contact shadows, sharp focus, true-to-life colour and texture, the letter centred with generous white margin. A real photograph of real objects — not an illustration, not a 3D render, no text, no other letters. Use different objects from these: none yet."
electronics,G,3,"Overhead studio photograph of the capital letter G built from real electronic components and small devices (cables, connectors, plugs, switches, circuit parts), laid flat on a seamless pure white background. Soft diffused daylight from the upper left, faint natural contact shadows, sharp focus, true-to-life colour and texture, the letter centred with generous white margin. A real photograph of real objects — not an illustration, not a 3D render, no text, no other letters. Use different objects from these: none yet."
electronics,H,2,"Overhead studio photograph of the capital letter H built from real electronic components and small devices (cables, connectors, plugs, switches, circuit parts), laid flat on a seamless pure white background. Soft diffused daylight from the upper left, faint natural contact shadows, sharp focus, true-to-life colour and texture, the letter centred with generous white margin. A real photograph of real objects — not an illustration, not a 3D render, no text, no other letters. Use different objects from these: motor mount ring."
electronics,H,3,"Overhead studio photograph of the capital letter H built from real electronic components and small devices (cables, connectors, plugs, switches, circuit parts), laid flat on a seamless pure white background. Soft diffused daylight from the upper left, faint natural contact shadows, sharp focus, true-to-life colour and texture, the letter centred with generous white margin. A real photograph of real objects — not an illustration, not a 3D render, no text, no other letters. Use different objects from these: motor mount ring."
electronics,I,2,"Overhead studio photograph of the capital letter I built from real electronic components and small devices (cables, connectors, plugs, switches, circuit parts), laid flat on a seamless pure white background. Soft diffused daylight from the upper left, faint natural contact shadows, sharp focus, true-to-life colour and texture, the letter centred with generous white margin. A real photograph of real objects — not an illustration, not a 3D render, no text, no other letters. Use different objects from these: switch."
electronics,I,3,"Overhead studio photograph of the capital letter I built from real electronic components and small devices (cables, connectors, plugs, switches, circuit parts), laid flat on a seamless pure white background. Soft diffused daylight from the upper left, faint natural contact shadows, sharp focus, true-to-life colour and texture, the letter centred with generous white margin. A real photograph of real objects — not an illustration, not a 3D render, no text, no other letters. Use different objects from these: switch."
electronics,J,2,"Overhead studio photograph of the capital letter J built from real electronic components and small devices (cables, connectors, plugs, switches, circuit parts), laid flat on a seamless pure white background. Soft diffused daylight from the upper left, faint natural contact shadows, sharp focus, true-to-life colour and texture, the letter centred with generous white margin. A real photograph of real objects — not an illustration, not a 3D render, no text, no other letters. Use different objects from these: bent contact."
electronics,J,3,"Overhead studio photograph of the capital letter J built from real electronic components and small devices (cables, connectors, plugs, switches, circuit parts), laid flat on a seamless pure white background. Soft diffused daylight from the upper left, faint natural contact shadows, sharp focus, true-to-life colour and texture, the letter centred with generous white margin. A real photograph of real objects — not an illustration, not a 3D render, no text, no other letters. Use different objects from these: bent contact."
electronics,K,2,"Overhead studio photograph of the capital letter K built from real electronic components and small devices (cables, connectors, plugs, switches, circuit parts), laid flat on a seamless pure white background. Soft diffused daylight from the upper left, faint natural contact shadows, sharp focus, true-to-life colour and texture, the letter centred with generous white margin. A real photograph of real objects — not an illustration, not a 3D render, no text, no other letters. Use different objects from these: capacitor."
electronics,K,3,"Overhead studio photograph of the capital letter K built from real electronic components and small devices (cables, connectors, plugs, switches, circuit parts), laid flat on a seamless pure white background. Soft diffused daylight from the upper left, faint natural contact shadows, sharp focus, true-to-life colour and texture, the letter centred with generous white margin. A real photograph of real objects — not an illustration, not a 3D render, no text, no other letters. Use different objects from these: capacitor."
electronics,L,1,"Overhead studio photograph of the capital letter L built from real electronic components and small devices (cables, connectors, plugs, switches, circuit parts), laid flat on a seamless pure white background. Soft diffused daylight from the upper left, faint natural contact shadows, sharp focus, true-to-life colour and texture, the letter centred with generous white margin. A real photograph of real objects — not an illustration, not a 3D render, no text, no other letters. Use different objects from these: none yet."
electronics,L,2,"Overhead studio photograph of the capital letter L built from real electronic components and small devices (cables, connectors, plugs, switches, circuit parts), laid flat on a seamless pure white background. Soft diffused daylight from the upper left, faint natural contact shadows, sharp focus, true-to-life colour and texture, the letter centred with generous white margin. A real photograph of real objects — not an illustration, not a 3D render, no text, no other letters. Use different objects from these: none yet."
electronics,L,3,"Overhead studio photograph of the capital letter L built from real electronic components and small devices (cables, connectors, plugs, switches, circuit parts), laid flat on a seamless pure white background. Soft diffused daylight from the upper left, faint natural contact shadows, sharp focus, true-to-life colour and texture, the letter centred with generous white margin. A real photograph of real objects — not an illustration, not a 3D render, no text, no other letters. Use different objects from these: none yet."
electronics,M,2,"Overhead studio photograph of the capital letter M built from real electronic components and small devices (cables, connectors, plugs, switches, circuit parts), laid flat on a seamless pure white background. Soft diffused daylight from the upper left, faint natural contact shadows, sharp focus, true-to-life colour and texture, the letter centred with generous white margin. A real photograph of real objects — not an illustration, not a 3D render, no text, no other letters. Use different objects from these: black connector."
electronics,M,3,"Overhead studio photograph of the capital letter M built from real electronic components and small devices (cables, connectors, plugs, switches, circuit parts), laid flat on a seamless pure white background. Soft diffused daylight from the upper left, faint natural contact shadows, sharp focus, true-to-life colour and texture, the letter centred with generous white margin. A real photograph of real objects — not an illustration, not a 3D render, no text, no other letters. Use different objects from these: black connector."
electronics,N,2,"Overhead studio photograph of the capital letter N built from real electronic components and small devices (cables, connectors, plugs, switches, circuit parts), laid flat on a seamless pure white background. Soft diffused daylight from the upper left, faint natural contact shadows, sharp focus, true-to-life colour and texture, the letter centred with generous white margin. A real photograph of real objects — not an illustration, not a 3D render, no text, no other letters. Use different objects from these: plastic part."
electronics,N,3,"Overhead studio photograph of the capital letter N built from real electronic components and small devices (cables, connectors, plugs, switches, circuit parts), laid flat on a seamless pure white background. Soft diffused daylight from the upper left, faint natural contact shadows, sharp focus, true-to-life colour and texture, the letter centred with generous white margin. A real photograph of real objects — not an illustration, not a 3D render, no text, no other letters. Use different objects from these: plastic part."
electronics,O,3,"Overhead studio photograph of the capital letter O built from real electronic components and small devices (cables, connectors, plugs, switches, circuit parts), laid flat on a seamless pure white background. Soft diffused daylight from the upper left, faint natural contact shadows, sharp focus, true-to-life colour and texture, the letter centred with generous white margin. A real photograph of real objects — not an illustration, not a 3D render, no text, no other letters. Use different objects from these: CD; washer."
electronics,P,2,"Overhead studio photograph of the capital letter P built from real electronic components and small devices (cables, connectors, plugs, switches, circuit parts), laid flat on a seamless pure white background. Soft diffused daylight from the upper left, faint natural contact shadows, sharp focus, true-to-life colour and texture, the letter centred with generous white margin. A real photograph of real objects — not an illustration, not a 3D render, no text, no other letters. Use different objects from these: spring contact."
electronics,P,3,"Overhead studio photograph of the capital letter P built from real electronic components and small devices (cables, connectors, plugs, switches, circuit parts), laid flat on a seamless pure white background. Soft diffused daylight from the upper left, faint natural contact shadows, sharp focus, true-to-life colour and texture, the letter centred with generous white margin. A real photograph of real objects — not an illustration, not a 3D render, no text, no other letters. Use different objects from these: spring contact."
electronics,Q,3,"Overhead studio photograph of the capital letter Q built from real electronic components and small devices (cables, connectors, plugs, switches, circuit parts), laid flat on a seamless pure white background. Soft diffused daylight from the upper left, faint natural contact shadows, sharp focus, true-to-life colour and texture, the letter centred with generous white margin. A real photograph of real objects — not an illustration, not a 3D render, no text, no other letters. Use different objects from these: CD + USB stick; round sensor."
electronics,R,2,"Overhead studio photograph of the capital letter R built from real electronic components and small devices (cables, connectors, plugs, switches, circuit parts), laid flat on a seamless pure white background. Soft diffused daylight from the upper left, faint natural contact shadows, sharp focus, true-to-life colour and texture, the letter centred with generous white margin. A real photograph of real objects — not an illustration, not a 3D render, no text, no other letters. Use different objects from these: black fork."
electronics,R,3,"Overhead studio photograph of the capital letter R built from real electronic components and small devices (cables, connectors, plugs, switches, circuit parts), laid flat on a seamless pure white background. Soft diffused daylight from the upper left, faint natural contact shadows, sharp focus, true-to-life colour and texture, the letter centred with generous white margin. A real photograph of real objects — not an illustration, not a 3D render, no text, no other letters. Use different objects from these: black fork."
electronics,S,2,"Overhead studio photograph of the capital letter S built from real electronic components and small devices (cables, connectors, plugs, switches, circuit parts), laid flat on a seamless pure white background. Soft diffused daylight from the upper left, faint natural contact shadows, sharp focus, true-to-life colour and texture, the letter centred with generous white margin. A real photograph of real objects — not an illustration, not a 3D render, no text, no other letters. Use different objects from these: red wire."
electronics,S,3,"Overhead studio photograph of the capital letter S built from real electronic components and small devices (cables, connectors, plugs, switches, circuit parts), laid flat on a seamless pure white background. Soft diffused daylight from the upper left, faint natural contact shadows, sharp focus, true-to-life colour and texture, the letter centred with generous white margin. A real photograph of real objects — not an illustration, not a 3D render, no text, no other letters. Use different objects from these: red wire."
electronics,T,2,"Overhead studio photograph of the capital letter T built from real electronic components and small devices (cables, connectors, plugs, switches, circuit parts), laid flat on a seamless pure white background. Soft diffused daylight from the upper left, faint natural contact shadows, sharp focus, true-to-life colour and texture, the letter centred with generous white margin. A real photograph of real objects — not an illustration, not a 3D render, no text, no other letters. Use different objects from these: gear shaft."
electronics,T,3,"Overhead studio photograph of the capital letter T built from real electronic components and small devices (cables, connectors, plugs, switches, circuit parts), laid flat on a seamless pure white background. Soft diffused daylight from the upper left, faint natural contact shadows, sharp focus, true-to-life colour and texture, the letter centred with generous white margin. A real photograph of real objects — not an illustration, not a 3D render, no text, no other letters. Use different objects from these: gear shaft."
electronics,U,2,"Overhead studio photograph of the capital letter U built from real electronic components and small devices (cables, connectors, plugs, switches, circuit parts), laid flat on a seamless pure white background. Soft diffused daylight from the upper left, faint natural contact shadows, sharp focus, true-to-life colour and texture, the letter centred with generous white margin. A real photograph of real objects — not an illustration, not a 3D render, no text, no other letters. Use different objects from these: U clip."
electronics,U,3,"Overhead studio photograph of the capital letter U built from real electronic components and small devices (cables, connectors, plugs, switches, circuit parts), laid flat on a seamless pure white background. Soft diffused daylight from the upper left, faint natural contact shadows, sharp focus, true-to-life colour and texture, the letter centred with generous white margin. A real photograph of real objects — not an illustration, not a 3D render, no text, no other letters. Use different objects from these: U clip."
electronics,V,2,"Overhead studio photograph of the capital letter V built from real electronic components and small devices (cables, connectors, plugs, switches, circuit parts), laid flat on a seamless pure white background. Soft diffused daylight from the upper left, faint natural contact shadows, sharp focus, true-to-life colour and texture, the letter centred with generous white margin. A real photograph of real objects — not an illustration, not a 3D render, no text, no other letters. Use different objects from these: power plug."
electronics,V,3,"Overhead studio photograph of the capital letter V built from real electronic components and small devices (cables, connectors, plugs, switches, circuit parts), laid flat on a seamless pure white background. Soft diffused daylight from the upper left, faint natural contact shadows, sharp focus, true-to-life colour and texture, the letter centred with generous white margin. A real photograph of real objects — not an illustration, not a 3D render, no text, no other letters. Use different objects from these: power plug."
electronics,W,2,"Overhead studio photograph of the capital letter W built from real electronic components and small devices (cables, connectors, plugs, switches, circuit parts), laid flat on a seamless pure white background. Soft diffused daylight from the upper left, faint natural contact shadows, sharp focus, true-to-life colour and texture, the letter centred with generous white margin. A real photograph of real objects — not an illustration, not a 3D render, no text, no other letters. Use different objects from these: wired connector."
electronics,W,3,"Overhead studio photograph of the capital letter W built from real electronic components and small devices (cables, connectors, plugs, switches, circuit parts), laid flat on a seamless pure white background. Soft diffused daylight from the upper left, faint natural contact shadows, sharp focus, true-to-life colour and texture, the letter centred with generous white margin. A real photograph of real objects — not an illustration, not a 3D render, no text, no other letters. Use different objects from these: wired connector."
electronics,X,2,"Overhead studio photograph of the capital letter X built from real electronic components and small devices (cables, connectors, plugs, switches, circuit parts), laid flat on a seamless pure white background. Soft diffused daylight from the upper left, faint natural contact shadows, sharp focus, true-to-life colour and texture, the letter centred with generous white margin. A real photograph of real objects — not an illustration, not a 3D render, no text, no other letters. Use different objects from these: speaker bracket."
electronics,X,3,"Overhead studio photograph of the capital letter X built from real electronic components and small devices (cables, connectors, plugs, switches, circuit parts), laid flat on a seamless pure white background. Soft diffused daylight from the upper left, faint natural contact shadows, sharp focus, true-to-life colour and texture, the letter centred with generous white margin. A real photograph of real objects — not an illustration, not a 3D render, no text, no other letters. Use different objects from these: speaker bracket."
electronics,Y,3,"Overhead studio photograph of the capital letter Y built from real electronic components and small devices (cables, connectors, plugs, switches, circuit parts), laid flat on a seamless pure white background. Soft diffused daylight from the upper left, faint natural contact shadows, sharp focus, true-to-life colour and texture, the letter centred with generous white margin. A real photograph of real objects — not an illustration, not a 3D render, no text, no other letters. Use different objects from these: bracket; heat gun."
electronics,Z,2,"Overhead studio photograph of the capital letter Z built from real electronic components and small devices (cables, connectors, plugs, switches, circuit parts), laid flat on a seamless pure white background. Soft diffused daylight from the upper left, faint natural contact shadows, sharp focus, true-to-life colour and texture, the letter centred with generous white margin. A real photograph of real objects — not an illustration, not a 3D render, no text, no other letters. Use different objects from these: white plastic part."
electronics,Z,3,"Overhead studio photograph of the capital letter Z built from real electronic components and small devices (cables, connectors, plugs, switches, circuit parts), laid flat on a seamless pure white background. Soft diffused daylight from the upper left, faint natural contact shadows, sharp focus, true-to-life colour and texture, the letter centred with generous white margin. A real photograph of real objects — not an illustration, not a 3D render, no text, no other letters. Use different objects from these: white plastic part."
fashion,A,1,"Overhead studio photograph of the capital letter A built from real jewellery and fashion accessories (chains, bangles, earrings, beads, belts), laid flat on a seamless pure white background. Soft diffused daylight from the upper left, faint natural contact shadows, sharp focus, true-to-life colour and texture, the letter centred with generous white margin. A real photograph of real objects — not an illustration, not a 3D render, no text, no other letters. Use different objects from these: none yet."
fashion,A,2,"Overhead studio photograph of the capital letter A built from real jewellery and fashion accessories (chains, bangles, earrings, beads, belts), laid flat on a seamless pure white background. Soft diffused daylight from the upper left, faint natural contact shadows, sharp focus, true-to-life colour and texture, the letter centred with generous white margin. A real photograph of real objects — not an illustration, not a 3D render, no text, no other letters. Use different objects from these: none yet."
fashion,A,3,"Overhead studio photograph of the capital letter A built from real jewellery and fashion accessories (chains, bangles, earrings, beads, belts), laid flat on a seamless pure white background. Soft diffused daylight from the upper left, faint natural contact shadows, sharp focus, true-to-life colour and texture, the letter centred with generous white margin. A real photograph of real objects — not an illustration, not a 3D render, no text, no other letters. Use different objects from these: none yet."
fashion,B,1,"Overhead studio photograph of the capital letter B built from real jewellery and fashion accessories (chains, bangles, earrings, beads, belts), laid flat on a seamless pure white background. Soft diffused daylight from the upper left, faint natural contact shadows, sharp focus, true-to-life colour and texture, the letter centred with generous white margin. A real photograph of real objects — not an illustration, not a 3D render, no text, no other letters. Use different objects from these: none yet."
fashion,B,2,"Overhead studio photograph of the capital letter B built from real jewellery and fashion accessories (chains, bangles, earrings, beads, belts), laid flat on a seamless pure white background. Soft diffused daylight from the upper left, faint natural contact shadows, sharp focus, true-to-life colour and texture, the letter centred with generous white margin. A real photograph of real objects — not an illustration, not a 3D render, no text, no other letters. Use different objects from these: none yet."
fashion,B,3,"Overhead studio photograph of the capital letter B built from real jewellery and fashion accessories (chains, bangles, earrings, beads, belts), laid flat on a seamless pure white background. Soft diffused daylight from the upper left, faint natural contact shadows, sharp focus, true-to-life colour and texture, the letter centred with generous white margin. A real photograph of real objects — not an illustration, not a 3D render, no text, no other letters. Use different objects from these: none yet."
fashion,C,3,"Overhead studio photograph of the capital letter C built from real jewellery and fashion accessories (chains, bangles, earrings, beads, belts), laid flat on a seamless pure white background. Soft diffused daylight from the upper left, faint natural contact shadows, sharp focus, true-to-life colour and texture, the letter centred with generous white margin. A real photograph of real objects — not an illustration, not a 3D render, no text, no other letters. Use different objects from these: beaded necklace; stone-set necklace."
fashion,D,3,"Overhead studio photograph of the capital letter D built from real jewellery and fashion accessories (chains, bangles, earrings, beads, belts), laid flat on a seamless pure white background. Soft diffused daylight from the upper left, faint natural contact shadows, sharp focus, true-to-life colour and texture, the letter centred with generous white margin. A real photograph of real objects — not an illustration, not a 3D render, no text, no other letters. Use different objects from these: stone necklace; stone pendant + hoop."
fashion,E,2,"Overhead studio photograph of the capital letter E built from real jewellery and fashion accessories (chains, bangles, earrings, beads, belts), laid flat on a seamless pure white background. Soft diffused daylight from the upper left, faint natural contact shadows, sharp focus, true-to-life colour and texture, the letter centred with generous white margin. A real photograph of real objects — not an illustration, not a 3D render, no text, no other letters. Use different objects from these: beaded necklace."
fashion,E,3,"Overhead studio photograph of the capital letter E built from real jewellery and fashion accessories (chains, bangles, earrings, beads, belts), laid flat on a seamless pure white background. Soft diffused daylight from the upper left, faint natural contact shadows, sharp focus, true-to-life colour and texture, the letter centred with generous white margin. A real photograph of real objects — not an illustration, not a 3D render, no text, no other letters. Use different objects from these: beaded necklace."
fashion,F,1,"Overhead studio photograph of the capital letter F built from real jewellery and fashion accessories (chains, bangles, earrings, beads, belts), laid flat on a seamless pure white background. Soft diffused daylight from the upper left, faint natural contact shadows, sharp focus, true-to-life colour and texture, the letter centred with generous white margin. A real photograph of real objects — not an illustration, not a 3D render, no text, no other letters. Use different objects from these: none yet."
fashion,F,2,"Overhead studio photograph of the capital letter F built from real jewellery and fashion accessories (chains, bangles, earrings, beads, belts), laid flat on a seamless pure white background. Soft diffused daylight from the upper left, faint natural contact shadows, sharp focus, true-to-life colour and texture, the letter centred with generous white margin. A real photograph of real objects — not an illustration, not a 3D render, no text, no other letters. Use different objects from these: none yet."
fashion,F,3,"Overhead studio photograph of the capital letter F built from real jewellery and fashion accessories (chains, bangles, earrings, beads, belts), laid flat on a seamless pure white background. Soft diffused daylight from the upper left, faint natural contact shadows, sharp focus, true-to-life colour and texture, the letter centred with generous white margin. A real photograph of real objects — not an illustration, not a 3D render, no text, no other letters. Use different objects from these: none yet."
fashion,G,3,"Overhead studio photograph of the capital letter G built from real jewellery and fashion accessories (chains, bangles, earrings, beads, belts), laid flat on a seamless pure white background. Soft diffused daylight from the upper left, faint natural contact shadows, sharp focus, true-to-life colour and texture, the letter centred with generous white margin. A real photograph of real objects — not an illustration, not a 3D render, no text, no other letters. Use different objects from these: bead necklace; beaded bracelet."
fashion,H,2,"Overhead studio photograph of the capital letter H built from real jewellery and fashion accessories (chains, bangles, earrings, beads, belts), laid flat on a seamless pure white background. Soft diffused daylight from the upper left, faint natural contact shadows, sharp focus, true-to-life colour and texture, the letter centred with generous white margin. A real photograph of real objects — not an illustration, not a 3D render, no text, no other letters. Use different objects from these: chains."
fashion,H,3,"Overhead studio photograph of the capital letter H built from real jewellery and fashion accessories (chains, bangles, earrings, beads, belts), laid flat on a seamless pure white background. Soft diffused daylight from the upper left, faint natural contact shadows, sharp focus, true-to-life colour and texture, the letter centred with generous white margin. A real photograph of real objects — not an illustration, not a 3D render, no text, no other letters. Use different objects from these: chains."
fashion,I,3,"Overhead studio photograph of the capital letter I built from real jewellery and fashion accessories (chains, bangles, earrings, beads, belts), laid flat on a seamless pure white background. Soft diffused daylight from the upper left, faint natural contact shadows, sharp focus, true-to-life colour and texture, the letter centred with generous white margin. A real photograph of real objects — not an illustration, not a 3D render, no text, no other letters. Use different objects from these: beaded cuff; hair clips."
fashion,J,2,"Overhead studio photograph of the capital letter J built from real jewellery and fashion accessories (chains, bangles, earrings, beads, belts), laid flat on a seamless pure white background. Soft diffused daylight from the upper left, faint natural contact shadows, sharp focus, true-to-life colour and texture, the letter centred with generous white margin. A real photograph of real objects — not an illustration, not a 3D render, no text, no other letters. Use different objects from these: chain."
fashion,J,3,"Overhead studio photograph of the capital letter J built from real jewellery and fashion accessories (chains, bangles, earrings, beads, belts), laid flat on a seamless pure white background. Soft diffused daylight from the upper left, faint natural contact shadows, sharp focus, true-to-life colour and texture, the letter centred with generous white margin. A real photograph of real objects — not an illustration, not a 3D render, no text, no other letters. Use different objects from these: chain."
fashion,K,1,"Overhead studio photograph of the capital letter K built from real jewellery and fashion accessories (chains, bangles, earrings, beads, belts), laid flat on a seamless pure white background. Soft diffused daylight from the upper left, faint natural contact shadows, sharp focus, true-to-life colour and texture, the letter centred with generous white margin. A real photograph of real objects — not an illustration, not a 3D render, no text, no other letters. Use different objects from these: none yet."
fashion,K,2,"Overhead studio photograph of the capital letter K built from real jewellery and fashion accessories (chains, bangles, earrings, beads, belts), laid flat on a seamless pure white background. Soft diffused daylight from the upper left, faint natural contact shadows, sharp focus, true-to-life colour and texture, the letter centred with generous white margin. A real photograph of real objects — not an illustration, not a 3D render, no text, no other letters. Use different objects from these: none yet."
fashion,K,3,"Overhead studio photograph of the capital letter K built from real jewellery and fashion accessories (chains, bangles, earrings, beads, belts), laid flat on a seamless pure white background. Soft diffused daylight from the upper left, faint natural contact shadows, sharp focus, true-to-life colour and texture, the letter centred with generous white margin. A real photograph of real objects — not an illustration, not a 3D render, no text, no other letters. Use different objects from these: none yet."
fashion,L,3,"Overhead studio photograph of the capital letter L built from real jewellery and fashion accessories (chains, bangles, earrings, beads, belts), laid flat on a seamless pure white background. Soft diffused daylight from the upper left, faint natural contact shadows, sharp focus, true-to-life colour and texture, the letter centred with generous white margin. A real photograph of real objects — not an illustration, not a 3D render, no text, no other letters. Use different objects from these: hair stick + roses; leaf pendant."
fashion,M,2,"Overhead studio photograph of the capital letter M built from real jewellery and fashion accessories (chains, bangles, earrings, beads, belts), laid flat on a seamless pure white background. Soft diffused daylight from the upper left, faint natural contact shadows, sharp focus, true-to-life colour and texture, the letter centred with generous white margin. A real photograph of real objects — not an illustration, not a 3D render, no text, no other letters. Use different objects from these: fringe chain."
fashion,M,3,"Overhead studio photograph of the capital letter M built from real jewellery and fashion accessories (chains, bangles, earrings, beads, belts), laid flat on a seamless pure white background. Soft diffused daylight from the upper left, faint natural contact shadows, sharp focus, true-to-life colour and texture, the letter centred with generous white margin. A real photograph of real objects — not an illustration, not a 3D render, no text, no other letters. Use different objects from these: fringe chain."
fashion,N,2,"Overhead studio photograph of the capital letter N built from real jewellery and fashion accessories (chains, bangles, earrings, beads, belts), laid flat on a seamless pure white background. Soft diffused daylight from the upper left, faint natural contact shadows, sharp focus, true-to-life colour and texture, the letter centred with generous white margin. A real photograph of real objects — not an illustration, not a 3D render, no text, no other letters. Use different objects from these: coral beads."
fashion,N,3,"Overhead studio photograph of the capital letter N built from real jewellery and fashion accessories (chains, bangles, earrings, beads, belts), laid flat on a seamless pure white background. Soft diffused daylight from the upper left, faint natural contact shadows, sharp focus, true-to-life colour and texture, the letter centred with generous white margin. A real photograph of real objects — not an illustration, not a 3D render, no text, no other letters. Use different objects from these: coral beads."
fashion,O,3,"Overhead studio photograph of the capital letter O built from real jewellery and fashion accessories (chains, bangles, earrings, beads, belts), laid flat on a seamless pure white background. Soft diffused daylight from the upper left, faint natural contact shadows, sharp focus, true-to-life colour and texture, the letter centred with generous white margin. A real photograph of real objects — not an illustration, not a 3D render, no text, no other letters. Use different objects from these: coral bangle; green stone pendant."
fashion,P,3,"Overhead studio photograph of the capital letter P built from real jewellery and fashion accessories (chains, bangles, earrings, beads, belts), laid flat on a seamless pure white background. Soft diffused daylight from the upper left, faint natural contact shadows, sharp focus, true-to-life colour and texture, the letter centred with generous white margin. A real photograph of real objects — not an illustration, not a 3D render, no text, no other letters. Use different objects from these: square earring; tassel necklace."
fashion,Q,2,"Overhead studio photograph of the capital letter Q built from real jewellery and fashion accessories (chains, bangles, earrings, beads, belts), laid flat on a seamless pure white background. Soft diffused daylight from the upper left, faint natural contact shadows, sharp focus, true-to-life colour and texture, the letter centred with generous white margin. A real photograph of real objects — not an illustration, not a 3D render, no text, no other letters. Use different objects from these: bangle + charm."
fashion,Q,3,"Overhead studio photograph of the capital letter Q built from real jewellery and fashion accessories (chains, bangles, earrings, beads, belts), laid flat on a seamless pure white background. Soft diffused daylight from the upper left, faint natural contact shadows, sharp focus, true-to-life colour and texture, the letter centred with generous white margin. A real photograph of real objects — not an illustration, not a 3D render, no text, no other letters. Use different objects from these: bangle + charm."
fashion,R,1,"Overhead studio photograph of the capital letter R built from real jewellery and fashion accessories (chains, bangles, earrings, beads, belts), laid flat on a seamless pure white background. Soft diffused daylight from the upper left, faint natural contact shadows, sharp focus, true-to-life colour and texture, the letter centred with generous white margin. A real photograph of real objects — not an illustration, not a 3D render, no text, no other letters. Use different objects from these: none yet."
fashion,R,2,"Overhead studio photograph of the capital letter R built from real jewellery and fashion accessories (chains, bangles, earrings, beads, belts), laid flat on a seamless pure white background. Soft diffused daylight from the upper left, faint natural contact shadows, sharp focus, true-to-life colour and texture, the letter centred with generous white margin. A real photograph of real objects — not an illustration, not a 3D render, no text, no other letters. Use different objects from these: none yet."
fashion,R,3,"Overhead studio photograph of the capital letter R built from real jewellery and fashion accessories (chains, bangles, earrings, beads, belts), laid flat on a seamless pure white background. Soft diffused daylight from the upper left, faint natural contact shadows, sharp focus, true-to-life colour and texture, the letter centred with generous white margin. A real photograph of real objects — not an illustration, not a 3D render, no text, no other letters. Use different objects from these: none yet."
fashion,S,2,"Overhead studio photograph of the capital letter S built from real jewellery and fashion accessories (chains, bangles, earrings, beads, belts), laid flat on a seamless pure white background. Soft diffused daylight from the upper left, faint natural contact shadows, sharp focus, true-to-life colour and texture, the letter centred with generous white margin. A real photograph of real objects — not an illustration, not a 3D render, no text, no other letters. Use different objects from these: braided bracelet."
fashion,S,3,"Overhead studio photograph of the capital letter S built from real jewellery and fashion accessories (chains, bangles, earrings, beads, belts), laid flat on a seamless pure white background. Soft diffused daylight from the upper left, faint natural contact shadows, sharp focus, true-to-life colour and texture, the letter centred with generous white margin. A real photograph of real objects — not an illustration, not a 3D render, no text, no other letters. Use different objects from these: braided bracelet."
fashion,T,1,"Overhead studio photograph of the capital letter T built from real jewellery and fashion accessories (chains, bangles, earrings, beads, belts), laid flat on a seamless pure white background. Soft diffused daylight from the upper left, faint natural contact shadows, sharp focus, true-to-life colour and texture, the letter centred with generous white margin. A real photograph of real objects — not an illustration, not a 3D render, no text, no other letters. Use different objects from these: none yet."
fashion,T,2,"Overhead studio photograph of the capital letter T built from real jewellery and fashion accessories (chains, bangles, earrings, beads, belts), laid flat on a seamless pure white background. Soft diffused daylight from the upper left, faint natural contact shadows, sharp focus, true-to-life colour and texture, the letter centred with generous white margin. A real photograph of real objects — not an illustration, not a 3D render, no text, no other letters. Use different objects from these: none yet."
fashion,T,3,"Overhead studio photograph of the capital letter T built from real jewellery and fashion accessories (chains, bangles, earrings, beads, belts), laid flat on a seamless pure white background. Soft diffused daylight from the upper left, faint natural contact shadows, sharp focus, true-to-life colour and texture, the letter centred with generous white margin. A real photograph of real objects — not an illustration, not a 3D render, no text, no other letters. Use different objects from these: none yet."
fashion,U,1,"Overhead studio photograph of the capital letter U built from real jewellery and fashion accessories (chains, bangles, earrings, beads, belts), laid flat on a seamless pure white background. Soft diffused daylight from the upper left, faint natural contact shadows, sharp focus, true-to-life colour and texture, the letter centred with generous white margin. A real photograph of real objects — not an illustration, not a 3D render, no text, no other letters. Use different objects from these: none yet."
fashion,U,2,"Overhead studio photograph of the capital letter U built from real jewellery and fashion accessories (chains, bangles, earrings, beads, belts), laid flat on a seamless pure white background. Soft diffused daylight from the upper left, faint natural contact shadows, sharp focus, true-to-life colour and texture, the letter centred with generous white margin. A real photograph of real objects — not an illustration, not a 3D render, no text, no other letters. Use different objects from these: none yet."
fashion,U,3,"Overhead studio photograph of the capital letter U built from real jewellery and fashion accessories (chains, bangles, earrings, beads, belts), laid flat on a seamless pure white background. Soft diffused daylight from the upper left, faint natural contact shadows, sharp focus, true-to-life colour and texture, the letter centred with generous white margin. A real photograph of real objects — not an illustration, not a 3D render, no text, no other letters. Use different objects from these: none yet."
fashion,V,2,"Overhead studio photograph of the capital letter V built from real jewellery and fashion accessories (chains, bangles, earrings, beads, belts), laid flat on a seamless pure white background. Soft diffused daylight from the upper left, faint natural contact shadows, sharp focus, true-to-life colour and texture, the letter centred with generous white margin. A real photograph of real objects — not an illustration, not a 3D render, no text, no other letters. Use different objects from these: star bracelet."
fashion,V,3,"Overhead studio photograph of the capital letter V built from real jewellery and fashion accessories (chains, bangles, earrings, beads, belts), laid flat on a seamless pure white background. Soft diffused daylight from the upper left, faint natural contact shadows, sharp focus, true-to-life colour and texture, the letter centred with generous white margin. A real photograph of real objects — not an illustration, not a 3D render, no text, no other letters. Use different objects from these: star bracelet."
fashion,W,2,"Overhead studio photograph of the capital letter W built from real jewellery and fashion accessories (chains, bangles, earrings, beads, belts), laid flat on a seamless pure white background. Soft diffused daylight from the upper left, faint natural contact shadows, sharp focus, true-to-life colour and texture, the letter centred with generous white margin. A real photograph of real objects — not an illustration, not a 3D render, no text, no other letters. Use different objects from these: feather earrings."
fashion,W,3,"Overhead studio photograph of the capital letter W built from real jewellery and fashion accessories (chains, bangles, earrings, beads, belts), laid flat on a seamless pure white background. Soft diffused daylight from the upper left, faint natural contact shadows, sharp focus, true-to-life colour and texture, the letter centred with generous white margin. A real photograph of real objects — not an illustration, not a 3D render, no text, no other letters. Use different objects from these: feather earrings."
fashion,X,2,"Overhead studio photograph of the capital letter X built from real jewellery and fashion accessories (chains, bangles, earrings, beads, belts), laid flat on a seamless pure white background. Soft diffused daylight from the upper left, faint natural contact shadows, sharp focus, true-to-life colour and texture, the letter centred with generous white margin. A real photograph of real objects — not an illustration, not a 3D render, no text, no other letters. Use different objects from these: crossed bangles."
fashion,X,3,"Overhead studio photograph of the capital letter X built from real jewellery and fashion accessories (chains, bangles, earrings, beads, belts), laid flat on a seamless pure white background. Soft diffused daylight from the upper left, faint natural contact shadows, sharp focus, true-to-life colour and texture, the letter centred with generous white margin. A real photograph of real objects — not an illustration, not a 3D render, no text, no other letters. Use different objects from these: crossed bangles."
fashion,Y,2,"Overhead studio photograph of the capital letter Y built from real jewellery and fashion accessories (chains, bangles, earrings, beads, belts), laid flat on a seamless pure white background. Soft diffused daylight from the upper left, faint natural contact shadows, sharp focus, true-to-life colour and texture, the letter centred with generous white margin. A real photograph of real objects — not an illustration, not a 3D render, no text, no other letters. Use different objects from these: bow tie + chain."
fashion,Y,3,"Overhead studio photograph of the capital letter Y built from real jewellery and fashion accessories (chains, bangles, earrings, beads, belts), laid flat on a seamless pure white background. Soft diffused daylight from the upper left, faint natural contact shadows, sharp focus, true-to-life colour and texture, the letter centred with generous white margin. A real photograph of real objects — not an illustration, not a 3D render, no text, no other letters. Use different objects from these: bow tie + chain."
fashion,Z,2,"Overhead studio photograph of the capital letter Z built from real jewellery and fashion accessories (chains, bangles, earrings, beads, belts), laid flat on a seamless pure white background. Soft diffused daylight from the upper left, faint natural contact shadows, sharp focus, true-to-life colour and texture, the letter centred with generous white margin. A real photograph of real objects — not an illustration, not a 3D render, no text, no other letters. Use different objects from these: wallet."
fashion,Z,3,"Overhead studio photograph of the capital letter Z built from real jewellery and fashion accessories (chains, bangles, earrings, beads, belts), laid flat on a seamless pure white background. Soft diffused daylight from the upper left, faint natural contact shadows, sharp focus, true-to-life colour and texture, the letter centred with generous white margin. A real photograph of real objects — not an illustration, not a 3D render, no text, no other letters. Use different objects from these: wallet."
found,A,2,"Overhead studio photograph of the capital letter A built from real weathered found objects (rusty metal scraps, old hardware, worn odds and ends), laid flat on a seamless pure white background. Soft diffused daylight from the upper left, faint natural contact shadows, sharp focus, true-to-life colour and texture, the letter centred with generous white margin. A real photograph of real objects — not an illustration, not a 3D render, no text, no other letters. Use different objects from these: bent metal strip."
found,A,3,"Overhead studio photograph of the capital letter A built from real weathered found objects (rusty metal scraps, old hardware, worn odds and ends), laid flat on a seamless pure white background. Soft diffused daylight from the upper left, faint natural contact shadows, sharp focus, true-to-life colour and texture, the letter centred with generous white margin. A real photograph of real objects — not an illustration, not a 3D render, no text, no other letters. Use different objects from these: bent metal strip."
found,B,3,"Overhead studio photograph of the capital letter B built from real weathered found objects (rusty metal scraps, old hardware, worn odds and ends), laid flat on a seamless pure white background. Soft diffused daylight from the upper left, faint natural contact shadows, sharp focus, true-to-life colour and texture, the letter centred with generous white margin. A real photograph of real objects — not an illustration, not a 3D render, no text, no other letters. Use different objects from these: rusted disc + wire; safety goggles."
found,C,3,"Overhead studio photograph of the capital letter C built from real weathered found objects (rusty metal scraps, old hardware, worn odds and ends), laid flat on a seamless pure white background. Soft diffused daylight from the upper left, faint natural contact shadows, sharp focus, true-to-life colour and texture, the letter centred with generous white margin. A real photograph of real objects — not an illustration, not a 3D render, no text, no other letters. Use different objects from these: pebbles; wire."
found,D,2,"Overhead studio photograph of the capital letter D built from real weathered found objects (rusty metal scraps, old hardware, worn odds and ends), laid flat on a seamless pure white background. Soft diffused daylight from the upper left, faint natural contact shadows, sharp focus, true-to-life colour and texture, the letter centred with generous white margin. A real photograph of real objects — not an illustration, not a 3D render, no text, no other letters. Use different objects from these: wire."
found,D,3,"Overhead studio photograph of the capital letter D built from real weathered found objects (rusty metal scraps, old hardware, worn odds and ends), laid flat on a seamless pure white background. Soft diffused daylight from the upper left, faint natural contact shadows, sharp focus, true-to-life colour and texture, the letter centred with generous white margin. A real photograph of real objects — not an illustration, not a 3D render, no text, no other letters. Use different objects from these: wire."
found,E,2,"Overhead studio photograph of the capital letter E built from real weathered found objects (rusty metal scraps, old hardware, worn odds and ends), laid flat on a seamless pure white background. Soft diffused daylight from the upper left, faint natural contact shadows, sharp focus, true-to-life colour and texture, the letter centred with generous white margin. A real photograph of real objects — not an illustration, not a 3D render, no text, no other letters. Use different objects from these: car emblem."
found,E,3,"Overhead studio photograph of the capital letter E built from real weathered found objects (rusty metal scraps, old hardware, worn odds and ends), laid flat on a seamless pure white background. Soft diffused daylight from the upper left, faint natural contact shadows, sharp focus, true-to-life colour and texture, the letter centred with generous white margin. A real photograph of real objects — not an illustration, not a 3D render, no text, no other letters. Use different objects from these: car emblem."
found,F,2,"Overhead studio photograph of the capital letter F built from real weathered found objects (rusty metal scraps, old hardware, worn odds and ends), laid flat on a seamless pure white background. Soft diffused daylight from the upper left, faint natural contact shadows, sharp focus, true-to-life colour and texture, the letter centred with generous white margin. A real photograph of real objects — not an illustration, not a 3D render, no text, no other letters. Use different objects from these: pen + circuit board."
found,F,3,"Overhead studio photograph of the capital letter F built from real weathered found objects (rusty metal scraps, old hardware, worn odds and ends), laid flat on a seamless pure white background. Soft diffused daylight from the upper left, faint natural contact shadows, sharp focus, true-to-life colour and texture, the letter centred with generous white margin. A real photograph of real objects — not an illustration, not a 3D render, no text, no other letters. Use different objects from these: pen + circuit board."
found,G,2,"Overhead studio photograph of the capital letter G built from real weathered found objects (rusty metal scraps, old hardware, worn odds and ends), laid flat on a seamless pure white background. Soft diffused daylight from the upper left, faint natural contact shadows, sharp focus, true-to-life colour and texture, the letter centred with generous white margin. A real photograph of real objects — not an illustration, not a 3D render, no text, no other letters. Use different objects from these: washer + wire."
found,G,3,"Overhead studio photograph of the capital letter G built from real weathered found objects (rusty metal scraps, old hardware, worn odds and ends), laid flat on a seamless pure white background. Soft diffused daylight from the upper left, faint natural contact shadows, sharp focus, true-to-life colour and texture, the letter centred with generous white margin. A real photograph of real objects — not an illustration, not a 3D render, no text, no other letters. Use different objects from these: washer + wire."
found,H,2,"Overhead studio photograph of the capital letter H built from real weathered found objects (rusty metal scraps, old hardware, worn odds and ends), laid flat on a seamless pure white background. Soft diffused daylight from the upper left, faint natural contact shadows, sharp focus, true-to-life colour and texture, the letter centred with generous white margin. A real photograph of real objects — not an illustration, not a 3D render, no text, no other letters. Use different objects from these: metal straps + bar."
found,H,3,"Overhead studio photograph of the capital letter H built from real weathered found objects (rusty metal scraps, old hardware, worn odds and ends), laid flat on a seamless pure white background. Soft diffused daylight from the upper left, faint natural contact shadows, sharp focus, true-to-life colour and texture, the letter centred with generous white margin. A real photograph of real objects — not an illustration, not a 3D render, no text, no other letters. Use different objects from these: metal straps + bar."
found,I,2,"Overhead studio photograph of the capital letter I built from real weathered found objects (rusty metal scraps, old hardware, worn odds and ends), laid flat on a seamless pure white background. Soft diffused daylight from the upper left, faint natural contact shadows, sharp focus, true-to-life colour and texture, the letter centred with generous white margin. A real photograph of real objects — not an illustration, not a 3D render, no text, no other letters. Use different objects from these: button + cone."
found,I,3,"Overhead studio photograph of the capital letter I built from real weathered found objects (rusty metal scraps, old hardware, worn odds and ends), laid flat on a seamless pure white background. Soft diffused daylight from the upper left, faint natural contact shadows, sharp focus, true-to-life colour and texture, the letter centred with generous white margin. A real photograph of real objects — not an illustration, not a 3D render, no text, no other letters. Use different objects from these: button + cone."
found,J,2,"Overhead studio photograph of the capital letter J built from real weathered found objects (rusty metal scraps, old hardware, worn odds and ends), laid flat on a seamless pure white background. Soft diffused daylight from the upper left, faint natural contact shadows, sharp focus, true-to-life colour and texture, the letter centred with generous white margin. A real photograph of real objects — not an illustration, not a 3D render, no text, no other letters. Use different objects from these: torn rusted strip."
found,J,3,"Overhead studio photograph of the capital letter J built from real weathered found objects (rusty metal scraps, old hardware, worn odds and ends), laid flat on a seamless pure white background. Soft diffused daylight from the upper left, faint natural contact shadows, sharp focus, true-to-life colour and texture, the letter centred with generous white margin. A real photograph of real objects — not an illustration, not a 3D render, no text, no other letters. Use different objects from these: torn rusted strip."
found,K,3,"Overhead studio photograph of the capital letter K built from real weathered found objects (rusty metal scraps, old hardware, worn odds and ends), laid flat on a seamless pure white background. Soft diffused daylight from the upper left, faint natural contact shadows, sharp focus, true-to-life colour and texture, the letter centred with generous white margin. A real photograph of real objects — not an illustration, not a 3D render, no text, no other letters. Use different objects from these: screw + strip; wooden spoon + doll limb."
found,L,2,"Overhead studio photograph of the capital letter L built from real weathered found objects (rusty metal scraps, old hardware, worn odds and ends), laid flat on a seamless pure white background. Soft diffused daylight from the upper left, faint natural contact shadows, sharp focus, true-to-life colour and texture, the letter centred with generous white margin. A real photograph of real objects — not an illustration, not a 3D render, no text, no other letters. Use different objects from these: rusted strap."
found,L,3,"Overhead studio photograph of the capital letter L built from real weathered found objects (rusty metal scraps, old hardware, worn odds and ends), laid flat on a seamless pure white background. Soft diffused daylight from the upper left, faint natural contact shadows, sharp focus, true-to-life colour and texture, the letter centred with generous white margin. A real photograph of real objects — not an illustration, not a 3D render, no text, no other letters. Use different objects from these: rusted strap."
found,M,2,"Overhead studio photograph of the capital letter M built from real weathered found objects (rusty metal scraps, old hardware, worn odds and ends), laid flat on a seamless pure white background. Soft diffused daylight from the upper left, faint natural contact shadows, sharp focus, true-to-life colour and texture, the letter centred with generous white margin. A real photograph of real objects — not an illustration, not a 3D render, no text, no other letters. Use different objects from these: bulb + button + plate."
found,M,3,"Overhead studio photograph of the capital letter M built from real weathered found objects (rusty metal scraps, old hardware, worn odds and ends), laid flat on a seamless pure white background. Soft diffused daylight from the upper left, faint natural contact shadows, sharp focus, true-to-life colour and texture, the letter centred with generous white margin. A real photograph of real objects — not an illustration, not a 3D render, no text, no other letters. Use different objects from these: bulb + button + plate."
found,N,2,"Overhead studio photograph of the capital letter N built from real weathered found objects (rusty metal scraps, old hardware, worn odds and ends), laid flat on a seamless pure white background. Soft diffused daylight from the upper left, faint natural contact shadows, sharp focus, true-to-life colour and texture, the letter centred with generous white margin. A real photograph of real objects — not an illustration, not a 3D render, no text, no other letters. Use different objects from these: small bracket."
found,N,3,"Overhead studio photograph of the capital letter N built from real weathered found objects (rusty metal scraps, old hardware, worn odds and ends), laid flat on a seamless pure white background. Soft diffused daylight from the upper left, faint natural contact shadows, sharp focus, true-to-life colour and texture, the letter centred with generous white margin. A real photograph of real objects — not an illustration, not a 3D render, no text, no other letters. Use different objects from these: small bracket."
found,O,2,"Overhead studio photograph of the capital letter O built from real weathered found objects (rusty metal scraps, old hardware, worn odds and ends), laid flat on a seamless pure white background. Soft diffused daylight from the upper left, faint natural contact shadows, sharp focus, true-to-life colour and texture, the letter centred with generous white margin. A real photograph of real objects — not an illustration, not a 3D render, no text, no other letters. Use different objects from these: ring."
found,O,3,"Overhead studio photograph of the capital letter O built from real weathered found objects (rusty metal scraps, old hardware, worn odds and ends), laid flat on a seamless pure white background. Soft diffused daylight from the upper left, faint natural contact shadows, sharp focus, true-to-life colour and texture, the letter centred with generous white margin. A real photograph of real objects — not an illustration, not a 3D render, no text, no other letters. Use different objects from these: ring."
found,P,2,"Overhead studio photograph of the capital letter P built from real weathered found objects (rusty metal scraps, old hardware, worn odds and ends), laid flat on a seamless pure white background. Soft diffused daylight from the upper left, faint natural contact shadows, sharp focus, true-to-life colour and texture, the letter centred with generous white margin. A real photograph of real objects — not an illustration, not a 3D render, no text, no other letters. Use different objects from these: rusted hinge."
found,P,3,"Overhead studio photograph of the capital letter P built from real weathered found objects (rusty metal scraps, old hardware, worn odds and ends), laid flat on a seamless pure white background. Soft diffused daylight from the upper left, faint natural contact shadows, sharp focus, true-to-life colour and texture, the letter centred with generous white margin. A real photograph of real objects — not an illustration, not a 3D render, no text, no other letters. Use different objects from these: rusted hinge."
found,Q,3,"Overhead studio photograph of the capital letter Q built from real weathered found objects (rusty metal scraps, old hardware, worn odds and ends), laid flat on a seamless pure white background. Soft diffused daylight from the upper left, faint natural contact shadows, sharp focus, true-to-life colour and texture, the letter centred with generous white margin. A real photograph of real objects — not an illustration, not a 3D render, no text, no other letters. Use different objects from these: round gauge with lever; wire."
found,R,2,"Overhead studio photograph of the capital letter R built from real weathered found objects (rusty metal scraps, old hardware, worn odds and ends), laid flat on a seamless pure white background. Soft diffused daylight from the upper left, faint natural contact shadows, sharp focus, true-to-life colour and texture, the letter centred with generous white margin. A real photograph of real objects — not an illustration, not a 3D render, no text, no other letters. Use different objects from these: rusted tool + rod."
found,R,3,"Overhead studio photograph of the capital letter R built from real weathered found objects (rusty metal scraps, old hardware, worn odds and ends), laid flat on a seamless pure white background. Soft diffused daylight from the upper left, faint natural contact shadows, sharp focus, true-to-life colour and texture, the letter centred with generous white margin. A real photograph of real objects — not an illustration, not a 3D render, no text, no other letters. Use different objects from these: rusted tool + rod."
found,S,2,"Overhead studio photograph of the capital letter S built from real weathered found objects (rusty metal scraps, old hardware, worn odds and ends), laid flat on a seamless pure white background. Soft diffused daylight from the upper left, faint natural contact shadows, sharp focus, true-to-life colour and texture, the letter centred with generous white margin. A real photograph of real objects — not an illustration, not a 3D render, no text, no other letters. Use different objects from these: wire."
found,S,3,"Overhead studio photograph of the capital letter S built from real weathered found objects (rusty metal scraps, old hardware, worn odds and ends), laid flat on a seamless pure white background. Soft diffused daylight from the upper left, faint natural contact shadows, sharp focus, true-to-life colour and texture, the letter centred with generous white margin. A real photograph of real objects — not an illustration, not a 3D render, no text, no other letters. Use different objects from these: wire."
found,T,2,"Overhead studio photograph of the capital letter T built from real weathered found objects (rusty metal scraps, old hardware, worn odds and ends), laid flat on a seamless pure white background. Soft diffused daylight from the upper left, faint natural contact shadows, sharp focus, true-to-life colour and texture, the letter centred with generous white margin. A real photograph of real objects — not an illustration, not a 3D render, no text, no other letters. Use different objects from these: bar + badge."
found,T,3,"Overhead studio photograph of the capital letter T built from real weathered found objects (rusty metal scraps, old hardware, worn odds and ends), laid flat on a seamless pure white background. Soft diffused daylight from the upper left, faint natural contact shadows, sharp focus, true-to-life colour and texture, the letter centred with generous white margin. A real photograph of real objects — not an illustration, not a 3D render, no text, no other letters. Use different objects from these: bar + badge."
found,U,3,"Overhead studio photograph of the capital letter U built from real weathered found objects (rusty metal scraps, old hardware, worn odds and ends), laid flat on a seamless pure white background. Soft diffused daylight from the upper left, faint natural contact shadows, sharp focus, true-to-life colour and texture, the letter centred with generous white margin. A real photograph of real objects — not an illustration, not a 3D render, no text, no other letters. Use different objects from these: blue foam shape; broken ring."
found,V,2,"Overhead studio photograph of the capital letter V built from real weathered found objects (rusty metal scraps, old hardware, worn odds and ends), laid flat on a seamless pure white background. Soft diffused daylight from the upper left, faint natural contact shadows, sharp focus, true-to-life colour and texture, the letter centred with generous white margin. A real photograph of real objects — not an illustration, not a 3D render, no text, no other letters. Use different objects from these: metal shards."
found,V,3,"Overhead studio photograph of the capital letter V built from real weathered found objects (rusty metal scraps, old hardware, worn odds and ends), laid flat on a seamless pure white background. Soft diffused daylight from the upper left, faint natural contact shadows, sharp focus, true-to-life colour and texture, the letter centred with generous white margin. A real photograph of real objects — not an illustration, not a 3D render, no text, no other letters. Use different objects from these: metal shards."
found,W,3,"Overhead studio photograph of the capital letter W built from real weathered found objects (rusty metal scraps, old hardware, worn odds and ends), laid flat on a seamless pure white background. Soft diffused daylight from the upper left, faint natural contact shadows, sharp focus, true-to-life colour and texture, the letter centred with generous white margin. A real photograph of real objects — not an illustration, not a 3D render, no text, no other letters. Use different objects from these: respirator mask; wire."
found,X,2,"Overhead studio photograph of the capital letter X built from real weathered found objects (rusty metal scraps, old hardware, worn odds and ends), laid flat on a seamless pure white background. Soft diffused daylight from the upper left, faint natural contact shadows, sharp focus, true-to-life colour and texture, the letter centred with generous white margin. A real photograph of real objects — not an illustration, not a 3D render, no text, no other letters. Use different objects from these: wire."
found,X,3,"Overhead studio photograph of the capital letter X built from real weathered found objects (rusty metal scraps, old hardware, worn odds and ends), laid flat on a seamless pure white background. Soft diffused daylight from the upper left, faint natural contact shadows, sharp focus, true-to-life colour and texture, the letter centred with generous white margin. A real photograph of real objects — not an illustration, not a 3D render, no text, no other letters. Use different objects from these: wire."
found,Y,3,"Overhead studio photograph of the capital letter Y built from real weathered found objects (rusty metal scraps, old hardware, worn odds and ends), laid flat on a seamless pure white background. Soft diffused daylight from the upper left, faint natural contact shadows, sharp focus, true-to-life colour and texture, the letter centred with generous white margin. A real photograph of real objects — not an illustration, not a 3D render, no text, no other letters. Use different objects from these: twigs; wire."
found,Z,3,"Overhead studio photograph of the capital letter Z built from real weathered found objects (rusty metal scraps, old hardware, worn odds and ends), laid flat on a seamless pure white background. Soft diffused daylight from the upper left, faint natural contact shadows, sharp focus, true-to-life colour and texture, the letter centred with generous white margin. A real photograph of real objects — not an illustration, not a 3D render, no text, no other letters. Use different objects from these: black clips on wire; metal shards."
furniture,A,2,"Overhead studio photograph of the capital letter A built from real one real piece of furniture (chair, table, stool, shelf, lamp) whose silhouette forms the letter, laid flat on a seamless pure white background. Soft diffused daylight from the upper left, faint natural contact shadows, sharp focus, true-to-life colour and texture, the letter centred with generous white margin. A real photograph of real objects — not an illustration, not a 3D render, no text, no other letters. Use different objects from these: side table."
furniture,A,3,"Overhead studio photograph of the capital letter A built from real one real piece of furniture (chair, table, stool, shelf, lamp) whose silhouette forms the letter, laid flat on a seamless pure white background. Soft diffused daylight from the upper left, faint natural contact shadows, sharp focus, true-to-life colour and texture, the letter centred with generous white margin. A real photograph of real objects — not an illustration, not a 3D render, no text, no other letters. Use different objects from these: side table."
furniture,B,2,"Overhead studio photograph of the capital letter B built from real one real piece of furniture (chair, table, stool, shelf, lamp) whose silhouette forms the letter, laid flat on a seamless pure white background. Soft diffused daylight from the upper left, faint natural contact shadows, sharp focus, true-to-life colour and texture, the letter centred with generous white margin. A real photograph of real objects — not an illustration, not a 3D render, no text, no other letters. Use different objects from these: armchair."
furniture,B,3,"Overhead studio photograph of the capital letter B built from real one real piece of furniture (chair, table, stool, shelf, lamp) whose silhouette forms the letter, laid flat on a seamless pure white background. Soft diffused daylight from the upper left, faint natural contact shadows, sharp focus, true-to-life colour and texture, the letter centred with generous white margin. A real photograph of real objects — not an illustration, not a 3D render, no text, no other letters. Use different objects from these: armchair."
furniture,C,2,"Overhead studio photograph of the capital letter C built from real one real piece of furniture (chair, table, stool, shelf, lamp) whose silhouette forms the letter, laid flat on a seamless pure white background. Soft diffused daylight from the upper left, faint natural contact shadows, sharp focus, true-to-life colour and texture, the letter centred with generous white margin. A real photograph of real objects — not an illustration, not a 3D render, no text, no other letters. Use different objects from these: curved sofa."
furniture,C,3,"Overhead studio photograph of the capital letter C built from real one real piece of furniture (chair, table, stool, shelf, lamp) whose silhouette forms the letter, laid flat on a seamless pure white background. Soft diffused daylight from the upper left, faint natural contact shadows, sharp focus, true-to-life colour and texture, the letter centred with generous white margin. A real photograph of real objects — not an illustration, not a 3D render, no text, no other letters. Use different objects from these: curved sofa."
furniture,D,2,"Overhead studio photograph of the capital letter D built from real one real piece of furniture (chair, table, stool, shelf, lamp) whose silhouette forms the letter, laid flat on a seamless pure white background. Soft diffused daylight from the upper left, faint natural contact shadows, sharp focus, true-to-life colour and texture, the letter centred with generous white margin. A real photograph of real objects — not an illustration, not a 3D render, no text, no other letters. Use different objects from these: cabinet."
furniture,D,3,"Overhead studio photograph of the capital letter D built from real one real piece of furniture (chair, table, stool, shelf, lamp) whose silhouette forms the letter, laid flat on a seamless pure white background. Soft diffused daylight from the upper left, faint natural contact shadows, sharp focus, true-to-life colour and texture, the letter centred with generous white margin. A real photograph of real objects — not an illustration, not a 3D render, no text, no other letters. Use different objects from these: cabinet."
furniture,F,2,"Overhead studio photograph of the capital letter F built from real one real piece of furniture (chair, table, stool, shelf, lamp) whose silhouette forms the letter, laid flat on a seamless pure white background. Soft diffused daylight from the upper left, faint natural contact shadows, sharp focus, true-to-life colour and texture, the letter centred with generous white margin. A real photograph of real objects — not an illustration, not a 3D render, no text, no other letters. Use different objects from these: shelving."
furniture,F,3,"Overhead studio photograph of the capital letter F built from real one real piece of furniture (chair, table, stool, shelf, lamp) whose silhouette forms the letter, laid flat on a seamless pure white background. Soft diffused daylight from the upper left, faint natural contact shadows, sharp focus, true-to-life colour and texture, the letter centred with generous white margin. A real photograph of real objects — not an illustration, not a 3D render, no text, no other letters. Use different objects from these: shelving."
furniture,G,2,"Overhead studio photograph of the capital letter G built from real one real piece of furniture (chair, table, stool, shelf, lamp) whose silhouette forms the letter, laid flat on a seamless pure white background. Soft diffused daylight from the upper left, faint natural contact shadows, sharp focus, true-to-life colour and texture, the letter centred with generous white margin. A real photograph of real objects — not an illustration, not a 3D render, no text, no other letters. Use different objects from these: round mirror on stand."
furniture,G,3,"Overhead studio photograph of the capital letter G built from real one real piece of furniture (chair, table, stool, shelf, lamp) whose silhouette forms the letter, laid flat on a seamless pure white background. Soft diffused daylight from the upper left, faint natural contact shadows, sharp focus, true-to-life colour and texture, the letter centred with generous white margin. A real photograph of real objects — not an illustration, not a 3D render, no text, no other letters. Use different objects from these: round mirror on stand."
furniture,H,2,"Overhead studio photograph of the capital letter H built from real one real piece of furniture (chair, table, stool, shelf, lamp) whose silhouette forms the letter, laid flat on a seamless pure white background. Soft diffused daylight from the upper left, faint natural contact shadows, sharp focus, true-to-life colour and texture, the letter centred with generous white margin. A real photograph of real objects — not an illustration, not a 3D render, no text, no other letters. Use different objects from these: dining chair."
furniture,H,3,"Overhead studio photograph of the capital letter H built from real one real piece of furniture (chair, table, stool, shelf, lamp) whose silhouette forms the letter, laid flat on a seamless pure white background. Soft diffused daylight from the upper left, faint natural contact shadows, sharp focus, true-to-life colour and texture, the letter centred with generous white margin. A real photograph of real objects — not an illustration, not a 3D render, no text, no other letters. Use different objects from these: dining chair."
furniture,I,2,"Overhead studio photograph of the capital letter I built from real one real piece of furniture (chair, table, stool, shelf, lamp) whose silhouette forms the letter, laid flat on a seamless pure white background. Soft diffused daylight from the upper left, faint natural contact shadows, sharp focus, true-to-life colour and texture, the letter centred with generous white margin. A real photograph of real objects — not an illustration, not a 3D render, no text, no other letters. Use different objects from these: floor lamp."
furniture,I,3,"Overhead studio photograph of the capital letter I built from real one real piece of furniture (chair, table, stool, shelf, lamp) whose silhouette forms the letter, laid flat on a seamless pure white background. Soft diffused daylight from the upper left, faint natural contact shadows, sharp focus, true-to-life colour and texture, the letter centred with generous white margin. A real photograph of real objects — not an illustration, not a 3D render, no text, no other letters. Use different objects from these: floor lamp."
furniture,J,2,"Overhead studio photograph of the capital letter J built from real one real piece of furniture (chair, table, stool, shelf, lamp) whose silhouette forms the letter, laid flat on a seamless pure white background. Soft diffused daylight from the upper left, faint natural contact shadows, sharp focus, true-to-life colour and texture, the letter centred with generous white margin. A real photograph of real objects — not an illustration, not a 3D render, no text, no other letters. Use different objects from these: egg chair."
furniture,J,3,"Overhead studio photograph of the capital letter J built from real one real piece of furniture (chair, table, stool, shelf, lamp) whose silhouette forms the letter, laid flat on a seamless pure white background. Soft diffused daylight from the upper left, faint natural contact shadows, sharp focus, true-to-life colour and texture, the letter centred with generous white margin. A real photograph of real objects — not an illustration, not a 3D render, no text, no other letters. Use different objects from these: egg chair."
furniture,K,2,"Overhead studio photograph of the capital letter K built from real one real piece of furniture (chair, table, stool, shelf, lamp) whose silhouette forms the letter, laid flat on a seamless pure white background. Soft diffused daylight from the upper left, faint natural contact shadows, sharp focus, true-to-life colour and texture, the letter centred with generous white margin. A real photograph of real objects — not an illustration, not a 3D render, no text, no other letters. Use different objects from these: panel bookcase."
furniture,K,3,"Overhead studio photograph of the capital letter K built from real one real piece of furniture (chair, table, stool, shelf, lamp) whose silhouette forms the letter, laid flat on a seamless pure white background. Soft diffused daylight from the upper left, faint natural contact shadows, sharp focus, true-to-life colour and texture, the letter centred with generous white margin. A real photograph of real objects — not an illustration, not a 3D render, no text, no other letters. Use different objects from these: panel bookcase."
furniture,L,3,"Overhead studio photograph of the capital letter L built from real one real piece of furniture (chair, table, stool, shelf, lamp) whose silhouette forms the letter, laid flat on a seamless pure white background. Soft diffused daylight from the upper left, faint natural contact shadows, sharp focus, true-to-life colour and texture, the letter centred with generous white margin. A real photograph of real objects — not an illustration, not a 3D render, no text, no other letters. Use different objects from these: chaise; high-back lounge chair."
furniture,M,2,"Overhead studio photograph of the capital letter M built from real one real piece of furniture (chair, table, stool, shelf, lamp) whose silhouette forms the letter, laid flat on a seamless pure white background. Soft diffused daylight from the upper left, faint natural contact shadows, sharp focus, true-to-life colour and texture, the letter centred with generous white margin. A real photograph of real objects — not an illustration, not a 3D render, no text, no other letters. Use different objects from these: console with bows."
furniture,M,3,"Overhead studio photograph of the capital letter M built from real one real piece of furniture (chair, table, stool, shelf, lamp) whose silhouette forms the letter, laid flat on a seamless pure white background. Soft diffused daylight from the upper left, faint natural contact shadows, sharp focus, true-to-life colour and texture, the letter centred with generous white margin. A real photograph of real objects — not an illustration, not a 3D render, no text, no other letters. Use different objects from these: console with bows."
furniture,N,2,"Overhead studio photograph of the capital letter N built from real one real piece of furniture (chair, table, stool, shelf, lamp) whose silhouette forms the letter, laid flat on a seamless pure white background. Soft diffused daylight from the upper left, faint natural contact shadows, sharp focus, true-to-life colour and texture, the letter centred with generous white margin. A real photograph of real objects — not an illustration, not a 3D render, no text, no other letters. Use different objects from these: glass console."
furniture,N,3,"Overhead studio photograph of the capital letter N built from real one real piece of furniture (chair, table, stool, shelf, lamp) whose silhouette forms the letter, laid flat on a seamless pure white background. Soft diffused daylight from the upper left, faint natural contact shadows, sharp focus, true-to-life colour and texture, the letter centred with generous white margin. A real photograph of real objects — not an illustration, not a 3D render, no text, no other letters. Use different objects from these: glass console."
furniture,O,3,"Overhead studio photograph of the capital letter O built from real one real piece of furniture (chair, table, stool, shelf, lamp) whose silhouette forms the letter, laid flat on a seamless pure white background. Soft diffused daylight from the upper left, faint natural contact shadows, sharp focus, true-to-life colour and texture, the letter centred with generous white margin. A real photograph of real objects — not an illustration, not a 3D render, no text, no other letters. Use different objects from these: ball chair; open box table."
furniture,P,3,"Overhead studio photograph of the capital letter P built from real one real piece of furniture (chair, table, stool, shelf, lamp) whose silhouette forms the letter, laid flat on a seamless pure white background. Soft diffused daylight from the upper left, faint natural contact shadows, sharp focus, true-to-life colour and texture, the letter centred with generous white margin. A real photograph of real objects — not an illustration, not a 3D render, no text, no other letters. Use different objects from these: sofa section."
furniture,Q,2,"Overhead studio photograph of the capital letter Q built from real one real piece of furniture (chair, table, stool, shelf, lamp) whose silhouette forms the letter, laid flat on a seamless pure white background. Soft diffused daylight from the upper left, faint natural contact shadows, sharp focus, true-to-life colour and texture, the letter centred with generous white margin. A real photograph of real objects — not an illustration, not a 3D render, no text, no other letters. Use different objects from these: stacked wood stool."
furniture,Q,3,"Overhead studio photograph of the capital letter Q built from real one real piece of furniture (chair, table, stool, shelf, lamp) whose silhouette forms the letter, laid flat on a seamless pure white background. Soft diffused daylight from the upper left, faint natural contact shadows, sharp focus, true-to-life colour and texture, the letter centred with generous white margin. A real photograph of real objects — not an illustration, not a 3D render, no text, no other letters. Use different objects from these: stacked wood stool."
furniture,R,3,"Overhead studio photograph of the capital letter R built from real one real piece of furniture (chair, table, stool, shelf, lamp) whose silhouette forms the letter, laid flat on a seamless pure white background. Soft diffused daylight from the upper left, faint natural contact shadows, sharp focus, true-to-life colour and texture, the letter centred with generous white margin. A real photograph of real objects — not an illustration, not a 3D render, no text, no other letters. Use different objects from these: armchair."
furniture,S,2,"Overhead studio photograph of the capital letter S built from real one real piece of furniture (chair, table, stool, shelf, lamp) whose silhouette forms the letter, laid flat on a seamless pure white background. Soft diffused daylight from the upper left, faint natural contact shadows, sharp focus, true-to-life colour and texture, the letter centred with generous white margin. A real photograph of real objects — not an illustration, not a 3D render, no text, no other letters. Use different objects from these: poufs."
furniture,S,3,"Overhead studio photograph of the capital letter S built from real one real piece of furniture (chair, table, stool, shelf, lamp) whose silhouette forms the letter, laid flat on a seamless pure white background. Soft diffused daylight from the upper left, faint natural contact shadows, sharp focus, true-to-life colour and texture, the letter centred with generous white margin. A real photograph of real objects — not an illustration, not a 3D render, no text, no other letters. Use different objects from these: poufs."
furniture,T,2,"Overhead studio photograph of the capital letter T built from real one real piece of furniture (chair, table, stool, shelf, lamp) whose silhouette forms the letter, laid flat on a seamless pure white background. Soft diffused daylight from the upper left, faint natural contact shadows, sharp focus, true-to-life colour and texture, the letter centred with generous white margin. A real photograph of real objects — not an illustration, not a 3D render, no text, no other letters. Use different objects from these: pedestal table."
furniture,T,3,"Overhead studio photograph of the capital letter T built from real one real piece of furniture (chair, table, stool, shelf, lamp) whose silhouette forms the letter, laid flat on a seamless pure white background. Soft diffused daylight from the upper left, faint natural contact shadows, sharp focus, true-to-life colour and texture, the letter centred with generous white margin. A real photograph of real objects — not an illustration, not a 3D render, no text, no other letters. Use different objects from these: pedestal table."
furniture,U,2,"Overhead studio photograph of the capital letter U built from real one real piece of furniture (chair, table, stool, shelf, lamp) whose silhouette forms the letter, laid flat on a seamless pure white background. Soft diffused daylight from the upper left, faint natural contact shadows, sharp focus, true-to-life colour and texture, the letter centred with generous white margin. A real photograph of real objects — not an illustration, not a 3D render, no text, no other letters. Use different objects from these: bench sofa."
furniture,U,3,"Overhead studio photograph of the capital letter U built from real one real piece of furniture (chair, table, stool, shelf, lamp) whose silhouette forms the letter, laid flat on a seamless pure white background. Soft diffused daylight from the upper left, faint natural contact shadows, sharp focus, true-to-life colour and texture, the letter centred with generous white margin. A real photograph of real objects — not an illustration, not a 3D render, no text, no other letters. Use different objects from these: bench sofa."
furniture,V,2,"Overhead studio photograph of the capital letter V built from real one real piece of furniture (chair, table, stool, shelf, lamp) whose silhouette forms the letter, laid flat on a seamless pure white background. Soft diffused daylight from the upper left, faint natural contact shadows, sharp focus, true-to-life colour and texture, the letter centred with generous white margin. A real photograph of real objects — not an illustration, not a 3D render, no text, no other letters. Use different objects from these: shelf."
furniture,V,3,"Overhead studio photograph of the capital letter V built from real one real piece of furniture (chair, table, stool, shelf, lamp) whose silhouette forms the letter, laid flat on a seamless pure white background. Soft diffused daylight from the upper left, faint natural contact shadows, sharp focus, true-to-life colour and texture, the letter centred with generous white margin. A real photograph of real objects — not an illustration, not a 3D render, no text, no other letters. Use different objects from these: shelf."
furniture,W,2,"Overhead studio photograph of the capital letter W built from real one real piece of furniture (chair, table, stool, shelf, lamp) whose silhouette forms the letter, laid flat on a seamless pure white background. Soft diffused daylight from the upper left, faint natural contact shadows, sharp focus, true-to-life colour and texture, the letter centred with generous white margin. A real photograph of real objects — not an illustration, not a 3D render, no text, no other letters. Use different objects from these: side table."
furniture,W,3,"Overhead studio photograph of the capital letter W built from real one real piece of furniture (chair, table, stool, shelf, lamp) whose silhouette forms the letter, laid flat on a seamless pure white background. Soft diffused daylight from the upper left, faint natural contact shadows, sharp focus, true-to-life colour and texture, the letter centred with generous white margin. A real photograph of real objects — not an illustration, not a 3D render, no text, no other letters. Use different objects from these: side table."
furniture,X,3,"Overhead studio photograph of the capital letter X built from real one real piece of furniture (chair, table, stool, shelf, lamp) whose silhouette forms the letter, laid flat on a seamless pure white background. Soft diffused daylight from the upper left, faint natural contact shadows, sharp focus, true-to-life colour and texture, the letter centred with generous white margin. A real photograph of real objects — not an illustration, not a 3D render, no text, no other letters. Use different objects from these: crossed-leg table."
furniture,Y,2,"Overhead studio photograph of the capital letter Y built from real one real piece of furniture (chair, table, stool, shelf, lamp) whose silhouette forms the letter, laid flat on a seamless pure white background. Soft diffused daylight from the upper left, faint natural contact shadows, sharp focus, true-to-life colour and texture, the letter centred with generous white margin. A real photograph of real objects — not an illustration, not a 3D render, no text, no other letters. Use different objects from these: coat stand."
furniture,Y,3,"Overhead studio photograph of the capital letter Y built from real one real piece of furniture (chair, table, stool, shelf, lamp) whose silhouette forms the letter, laid flat on a seamless pure white background. Soft diffused daylight from the upper left, faint natural contact shadows, sharp focus, true-to-life colour and texture, the letter centred with generous white margin. A real photograph of real objects — not an illustration, not a 3D render, no text, no other letters. Use different objects from these: coat stand."
furniture,Z,2,"Overhead studio photograph of the capital letter Z built from real one real piece of furniture (chair, table, stool, shelf, lamp) whose silhouette forms the letter, laid flat on a seamless pure white background. Soft diffused daylight from the upper left, faint natural contact shadows, sharp focus, true-to-life colour and texture, the letter centred with generous white margin. A real photograph of real objects — not an illustration, not a 3D render, no text, no other letters. Use different objects from these: bar stool."
furniture,Z,3,"Overhead studio photograph of the capital letter Z built from real one real piece of furniture (chair, table, stool, shelf, lamp) whose silhouette forms the letter, laid flat on a seamless pure white background. Soft diffused daylight from the upper left, faint natural contact shadows, sharp focus, true-to-life colour and texture, the letter centred with generous white margin. A real photograph of real objects — not an illustration, not a 3D render, no text, no other letters. Use different objects from these: bar stool."
hardware,A,2,"Overhead studio photograph of the capital letter A built from real hardware fasteners and fittings (screws, nuts, washers, brackets, hooks, hinges), laid flat on a seamless pure white background. Soft diffused daylight from the upper left, faint natural contact shadows, sharp focus, true-to-life colour and texture, the letter centred with generous white margin. A real photograph of real objects — not an illustration, not a 3D render, no text, no other letters. Use different objects from these: spring clip."
hardware,A,3,"Overhead studio photograph of the capital letter A built from real hardware fasteners and fittings (screws, nuts, washers, brackets, hooks, hinges), laid flat on a seamless pure white background. Soft diffused daylight from the upper left, faint natural contact shadows, sharp focus, true-to-life colour and texture, the letter centred with generous white margin. A real photograph of real objects — not an illustration, not a 3D render, no text, no other letters. Use different objects from these: spring clip."
hardware,B,2,"Overhead studio photograph of the capital letter B built from real hardware fasteners and fittings (screws, nuts, washers, brackets, hooks, hinges), laid flat on a seamless pure white background. Soft diffused daylight from the upper left, faint natural contact shadows, sharp focus, true-to-life colour and texture, the letter centred with generous white margin. A real photograph of real objects — not an illustration, not a 3D render, no text, no other letters. Use different objects from these: can pull tab."
hardware,B,3,"Overhead studio photograph of the capital letter B built from real hardware fasteners and fittings (screws, nuts, washers, brackets, hooks, hinges), laid flat on a seamless pure white background. Soft diffused daylight from the upper left, faint natural contact shadows, sharp focus, true-to-life colour and texture, the letter centred with generous white margin. A real photograph of real objects — not an illustration, not a 3D render, no text, no other letters. Use different objects from these: can pull tab."
hardware,G,1,"Overhead studio photograph of the capital letter G built from real hardware fasteners and fittings (screws, nuts, washers, brackets, hooks, hinges), laid flat on a seamless pure white background. Soft diffused daylight from the upper left, faint natural contact shadows, sharp focus, true-to-life colour and texture, the letter centred with generous white margin. A real photograph of real objects — not an illustration, not a 3D render, no text, no other letters. Use different objects from these: none yet."
hardware,G,2,"Overhead studio photograph of the capital letter G built from real hardware fasteners and fittings (screws, nuts, washers, brackets, hooks, hinges), laid flat on a seamless pure white background. Soft diffused daylight from the upper left, faint natural contact shadows, sharp focus, true-to-life colour and texture, the letter centred with generous white margin. A real photograph of real objects — not an illustration, not a 3D render, no text, no other letters. Use different objects from these: none yet."
hardware,G,3,"Overhead studio photograph of the capital letter G built from real hardware fasteners and fittings (screws, nuts, washers, brackets, hooks, hinges), laid flat on a seamless pure white background. Soft diffused daylight from the upper left, faint natural contact shadows, sharp focus, true-to-life colour and texture, the letter centred with generous white margin. A real photograph of real objects — not an illustration, not a 3D render, no text, no other letters. Use different objects from these: none yet."
hardware,H,1,"Overhead studio photograph of the capital letter H built from real hardware fasteners and fittings (screws, nuts, washers, brackets, hooks, hinges), laid flat on a seamless pure white background. Soft diffused daylight from the upper left, faint natural contact shadows, sharp focus, true-to-life colour and texture, the letter centred with generous white margin. A real photograph of real objects — not an illustration, not a 3D render, no text, no other letters. Use different objects from these: none yet."
hardware,H,2,"Overhead studio photograph of the capital letter H built from real hardware fasteners and fittings (screws, nuts, washers, brackets, hooks, hinges), laid flat on a seamless pure white background. Soft diffused daylight from the upper left, faint natural contact shadows, sharp focus, true-to-life colour and texture, the letter centred with generous white margin. A real photograph of real objects — not an illustration, not a 3D render, no text, no other letters. Use different objects from these: none yet."
hardware,H,3,"Overhead studio photograph of the capital letter H built from real hardware fasteners and fittings (screws, nuts, washers, brackets, hooks, hinges), laid flat on a seamless pure white background. Soft diffused daylight from the upper left, faint natural contact shadows, sharp focus, true-to-life colour and texture, the letter centred with generous white margin. A real photograph of real objects — not an illustration, not a 3D render, no text, no other letters. Use different objects from these: none yet."
hardware,I,3,"Overhead studio photograph of the capital letter I built from real hardware fasteners and fittings (screws, nuts, washers, brackets, hooks, hinges), laid flat on a seamless pure white background. Soft diffused daylight from the upper left, faint natural contact shadows, sharp focus, true-to-life colour and texture, the letter centred with generous white margin. A real photograph of real objects — not an illustration, not a 3D render, no text, no other letters. Use different objects from these: I-beam; screw."
hardware,K,2,"Overhead studio photograph of the capital letter K built from real hardware fasteners and fittings (screws, nuts, washers, brackets, hooks, hinges), laid flat on a seamless pure white background. Soft diffused daylight from the upper left, faint natural contact shadows, sharp focus, true-to-life colour and texture, the letter centred with generous white margin. A real photograph of real objects — not an illustration, not a 3D render, no text, no other letters. Use different objects from these: twisted wire."
hardware,K,3,"Overhead studio photograph of the capital letter K built from real hardware fasteners and fittings (screws, nuts, washers, brackets, hooks, hinges), laid flat on a seamless pure white background. Soft diffused daylight from the upper left, faint natural contact shadows, sharp focus, true-to-life colour and texture, the letter centred with generous white margin. A real photograph of real objects — not an illustration, not a 3D render, no text, no other letters. Use different objects from these: twisted wire."
hardware,M,1,"Overhead studio photograph of the capital letter M built from real hardware fasteners and fittings (screws, nuts, washers, brackets, hooks, hinges), laid flat on a seamless pure white background. Soft diffused daylight from the upper left, faint natural contact shadows, sharp focus, true-to-life colour and texture, the letter centred with generous white margin. A real photograph of real objects — not an illustration, not a 3D render, no text, no other letters. Use different objects from these: none yet."
hardware,M,2,"Overhead studio photograph of the capital letter M built from real hardware fasteners and fittings (screws, nuts, washers, brackets, hooks, hinges), laid flat on a seamless pure white background. Soft diffused daylight from the upper left, faint natural contact shadows, sharp focus, true-to-life colour and texture, the letter centred with generous white margin. A real photograph of real objects — not an illustration, not a 3D render, no text, no other letters. Use different objects from these: none yet."
hardware,M,3,"Overhead studio photograph of the capital letter M built from real hardware fasteners and fittings (screws, nuts, washers, brackets, hooks, hinges), laid flat on a seamless pure white background. Soft diffused daylight from the upper left, faint natural contact shadows, sharp focus, true-to-life colour and texture, the letter centred with generous white margin. A real photograph of real objects — not an illustration, not a 3D render, no text, no other letters. Use different objects from these: none yet."
hardware,N,2,"Overhead studio photograph of the capital letter N built from real hardware fasteners and fittings (screws, nuts, washers, brackets, hooks, hinges), laid flat on a seamless pure white background. Soft diffused daylight from the upper left, faint natural contact shadows, sharp focus, true-to-life colour and texture, the letter centred with generous white margin. A real photograph of real objects — not an illustration, not a 3D render, no text, no other letters. Use different objects from these: bent wire."
hardware,N,3,"Overhead studio photograph of the capital letter N built from real hardware fasteners and fittings (screws, nuts, washers, brackets, hooks, hinges), laid flat on a seamless pure white background. Soft diffused daylight from the upper left, faint natural contact shadows, sharp focus, true-to-life colour and texture, the letter centred with generous white margin. A real photograph of real objects — not an illustration, not a 3D render, no text, no other letters. Use different objects from these: bent wire."
hardware,P,2,"Overhead studio photograph of the capital letter P built from real hardware fasteners and fittings (screws, nuts, washers, brackets, hooks, hinges), laid flat on a seamless pure white background. Soft diffused daylight from the upper left, faint natural contact shadows, sharp focus, true-to-life colour and texture, the letter centred with generous white margin. A real photograph of real objects — not an illustration, not a 3D render, no text, no other letters. Use different objects from these: Z-bracket."
hardware,P,3,"Overhead studio photograph of the capital letter P built from real hardware fasteners and fittings (screws, nuts, washers, brackets, hooks, hinges), laid flat on a seamless pure white background. Soft diffused daylight from the upper left, faint natural contact shadows, sharp focus, true-to-life colour and texture, the letter centred with generous white margin. A real photograph of real objects — not an illustration, not a 3D render, no text, no other letters. Use different objects from these: Z-bracket."
hardware,Q,3,"Overhead studio photograph of the capital letter Q built from real hardware fasteners and fittings (screws, nuts, washers, brackets, hooks, hinges), laid flat on a seamless pure white background. Soft diffused daylight from the upper left, faint natural contact shadows, sharp focus, true-to-life colour and texture, the letter centred with generous white margin. A real photograph of real objects — not an illustration, not a 3D render, no text, no other letters. Use different objects from these: braided hose; key ring."
hardware,R,2,"Overhead studio photograph of the capital letter R built from real hardware fasteners and fittings (screws, nuts, washers, brackets, hooks, hinges), laid flat on a seamless pure white background. Soft diffused daylight from the upper left, faint natural contact shadows, sharp focus, true-to-life colour and texture, the letter centred with generous white margin. A real photograph of real objects — not an illustration, not a 3D render, no text, no other letters. Use different objects from these: hook."
hardware,R,3,"Overhead studio photograph of the capital letter R built from real hardware fasteners and fittings (screws, nuts, washers, brackets, hooks, hinges), laid flat on a seamless pure white background. Soft diffused daylight from the upper left, faint natural contact shadows, sharp focus, true-to-life colour and texture, the letter centred with generous white margin. A real photograph of real objects — not an illustration, not a 3D render, no text, no other letters. Use different objects from these: hook."
hardware,V,1,"Overhead studio photograph of the capital letter V built from real hardware fasteners and fittings (screws, nuts, washers, brackets, hooks, hinges), laid flat on a seamless pure white background. Soft diffused daylight from the upper left, faint natural contact shadows, sharp focus, true-to-life colour and texture, the letter centred with generous white margin. A real photograph of real objects — not an illustration, not a 3D render, no text, no other letters. Use different objects from these: none yet."
hardware,V,2,"Overhead studio photograph of the capital letter V built from real hardware fasteners and fittings (screws, nuts, washers, brackets, hooks, hinges), laid flat on a seamless pure white background. Soft diffused daylight from the upper left, faint natural contact shadows, sharp focus, true-to-life colour and texture, the letter centred with generous white margin. A real photograph of real objects — not an illustration, not a 3D render, no text, no other letters. Use different objects from these: none yet."
hardware,V,3,"Overhead studio photograph of the capital letter V built from real hardware fasteners and fittings (screws, nuts, washers, brackets, hooks, hinges), laid flat on a seamless pure white background. Soft diffused daylight from the upper left, faint natural contact shadows, sharp focus, true-to-life colour and texture, the letter centred with generous white margin. A real photograph of real objects — not an illustration, not a 3D render, no text, no other letters. Use different objects from these: none yet."
hardware,W,2,"Overhead studio photograph of the capital letter W built from real hardware fasteners and fittings (screws, nuts, washers, brackets, hooks, hinges), laid flat on a seamless pure white background. Soft diffused daylight from the upper left, faint natural contact shadows, sharp focus, true-to-life colour and texture, the letter centred with generous white margin. A real photograph of real objects — not an illustration, not a 3D render, no text, no other letters. Use different objects from these: bent metal strip."
hardware,W,3,"Overhead studio photograph of the capital letter W built from real hardware fasteners and fittings (screws, nuts, washers, brackets, hooks, hinges), laid flat on a seamless pure white background. Soft diffused daylight from the upper left, faint natural contact shadows, sharp focus, true-to-life colour and texture, the letter centred with generous white margin. A real photograph of real objects — not an illustration, not a 3D render, no text, no other letters. Use different objects from these: bent metal strip."
hardware,Y,2,"Overhead studio photograph of the capital letter Y built from real hardware fasteners and fittings (screws, nuts, washers, brackets, hooks, hinges), laid flat on a seamless pure white background. Soft diffused daylight from the upper left, faint natural contact shadows, sharp focus, true-to-life colour and texture, the letter centred with generous white margin. A real photograph of real objects — not an illustration, not a 3D render, no text, no other letters. Use different objects from these: wing bolt."
hardware,Y,3,"Overhead studio photograph of the capital letter Y built from real hardware fasteners and fittings (screws, nuts, washers, brackets, hooks, hinges), laid flat on a seamless pure white background. Soft diffused daylight from the upper left, faint natural contact shadows, sharp focus, true-to-life colour and texture, the letter centred with generous white margin. A real photograph of real objects — not an illustration, not a 3D render, no text, no other letters. Use different objects from these: wing bolt."
hardware,Z,2,"Overhead studio photograph of the capital letter Z built from real hardware fasteners and fittings (screws, nuts, washers, brackets, hooks, hinges), laid flat on a seamless pure white background. Soft diffused daylight from the upper left, faint natural contact shadows, sharp focus, true-to-life colour and texture, the letter centred with generous white margin. A real photograph of real objects — not an illustration, not a 3D render, no text, no other letters. Use different objects from these: hex key."
hardware,Z,3,"Overhead studio photograph of the capital letter Z built from real hardware fasteners and fittings (screws, nuts, washers, brackets, hooks, hinges), laid flat on a seamless pure white background. Soft diffused daylight from the upper left, faint natural contact shadows, sharp focus, true-to-life colour and texture, the letter centred with generous white margin. A real photograph of real objects — not an illustration, not a 3D render, no text, no other letters. Use different objects from these: hex key."
household,C,3,"Overhead studio photograph of the capital letter C built from real everyday household objects, laid flat on a seamless pure white background. Soft diffused daylight from the upper left, faint natural contact shadows, sharp focus, true-to-life colour and texture, the letter centred with generous white margin. A real photograph of real objects — not an illustration, not a 3D render, no text, no other letters. Use different objects from these: open bangle; over-ear headphones."
household,D,3,"Overhead studio photograph of the capital letter D built from real everyday household objects, laid flat on a seamless pure white background. Soft diffused daylight from the upper left, faint natural contact shadows, sharp focus, true-to-life colour and texture, the letter centred with generous white margin. A real photograph of real objects — not an illustration, not a 3D render, no text, no other letters. Use different objects from these: lanyard + ticket; slipper, side view."
household,J,3,"Overhead studio photograph of the capital letter J built from real everyday household objects, laid flat on a seamless pure white background. Soft diffused daylight from the upper left, faint natural contact shadows, sharp focus, true-to-life colour and texture, the letter centred with generous white margin. A real photograph of real objects — not an illustration, not a 3D render, no text, no other letters. Use different objects from these: asthma inhaler; whisk + plug."
household,K,2,"Overhead studio photograph of the capital letter K built from real everyday household objects, laid flat on a seamless pure white background. Soft diffused daylight from the upper left, faint natural contact shadows, sharp focus, true-to-life colour and texture, the letter centred with generous white margin. A real photograph of real objects — not an illustration, not a 3D render, no text, no other letters. Use different objects from these: keys."
household,K,3,"Overhead studio photograph of the capital letter K built from real everyday household objects, laid flat on a seamless pure white background. Soft diffused daylight from the upper left, faint natural contact shadows, sharp focus, true-to-life colour and texture, the letter centred with generous white margin. A real photograph of real objects — not an illustration, not a 3D render, no text, no other letters. Use different objects from these: keys."
household,L,3,"Overhead studio photograph of the capital letter L built from real everyday household objects, laid flat on a seamless pure white background. Soft diffused daylight from the upper left, faint natural contact shadows, sharp focus, true-to-life colour and texture, the letter centred with generous white margin. A real photograph of real objects — not an illustration, not a 3D render, no text, no other letters. Use different objects from these: L-shaped device (unclear); lighter + rolling papers."
household,M,2,"Overhead studio photograph of the capital letter M built from real everyday household objects, laid flat on a seamless pure white background. Soft diffused daylight from the upper left, faint natural contact shadows, sharp focus, true-to-life colour and texture, the letter centred with generous white margin. A real photograph of real objects — not an illustration, not a 3D render, no text, no other letters. Use different objects from these: stepladders."
household,M,3,"Overhead studio photograph of the capital letter M built from real everyday household objects, laid flat on a seamless pure white background. Soft diffused daylight from the upper left, faint natural contact shadows, sharp focus, true-to-life colour and texture, the letter centred with generous white margin. A real photograph of real objects — not an illustration, not a 3D render, no text, no other letters. Use different objects from these: stepladders."
household,N,2,"Overhead studio photograph of the capital letter N built from real everyday household objects, laid flat on a seamless pure white background. Soft diffused daylight from the upper left, faint natural contact shadows, sharp focus, true-to-life colour and texture, the letter centred with generous white margin. A real photograph of real objects — not an illustration, not a 3D render, no text, no other letters. Use different objects from these: stacked black tiles/boxes."
household,N,3,"Overhead studio photograph of the capital letter N built from real everyday household objects, laid flat on a seamless pure white background. Soft diffused daylight from the upper left, faint natural contact shadows, sharp focus, true-to-life colour and texture, the letter centred with generous white margin. A real photograph of real objects — not an illustration, not a 3D render, no text, no other letters. Use different objects from these: stacked black tiles/boxes."
household,S,3,"Overhead studio photograph of the capital letter S built from real everyday household objects, laid flat on a seamless pure white background. Soft diffused daylight from the upper left, faint natural contact shadows, sharp focus, true-to-life colour and texture, the letter centred with generous white margin. A real photograph of real objects — not an illustration, not a 3D render, no text, no other letters. Use different objects from these: coiled phone cord; strap."
household,W,2,"Overhead studio photograph of the capital letter W built from real everyday household objects, laid flat on a seamless pure white background. Soft diffused daylight from the upper left, faint natural contact shadows, sharp focus, true-to-life colour and texture, the letter centred with generous white margin. A real photograph of real objects — not an illustration, not a 3D render, no text, no other letters. Use different objects from these: wavy hair band."
household,W,3,"Overhead studio photograph of the capital letter W built from real everyday household objects, laid flat on a seamless pure white background. Soft diffused daylight from the upper left, faint natural contact shadows, sharp focus, true-to-life colour and texture, the letter centred with generous white margin. A real photograph of real objects — not an illustration, not a 3D render, no text, no other letters. Use different objects from these: wavy hair band."
household,X,3,"Overhead studio photograph of the capital letter X built from real everyday household objects, laid flat on a seamless pure white background. Soft diffused daylight from the upper left, faint natural contact shadows, sharp focus, true-to-life colour and texture, the letter centred with generous white margin. A real photograph of real objects — not an illustration, not a 3D render, no text, no other letters. Use different objects from these: plastic X-frame; scissors."
household,Z,1,"Overhead studio photograph of the capital letter Z built from real everyday household objects, laid flat on a seamless pure white background. Soft diffused daylight from the upper left, faint natural contact shadows, sharp focus, true-to-life colour and texture, the letter centred with generous white margin. A real photograph of real objects — not an illustration, not a 3D render, no text, no other letters. Use different objects from these: none yet."
household,Z,2,"Overhead studio photograph of the capital letter Z built from real everyday household objects, laid flat on a seamless pure white background. Soft diffused daylight from the upper left, faint natural contact shadows, sharp focus, true-to-life colour and texture, the letter centred with generous white margin. A real photograph of real objects — not an illustration, not a 3D render, no text, no other letters. Use different objects from these: none yet."
household,Z,3,"Overhead studio photograph of the capital letter Z built from real everyday household objects, laid flat on a seamless pure white background. Soft diffused daylight from the upper left, faint natural contact shadows, sharp focus, true-to-life colour and texture, the letter centred with generous white margin. A real photograph of real objects — not an illustration, not a 3D render, no text, no other letters. Use different objects from these: none yet."
leisure,A,2,"Overhead studio photograph of the capital letter A built from real toys, games, sports and music equipment, laid flat on a seamless pure white background. Soft diffused daylight from the upper left, faint natural contact shadows, sharp focus, true-to-life colour and texture, the letter centred with generous white margin. A real photograph of real objects — not an illustration, not a 3D render, no text, no other letters. Use different objects from these: quickdraw + belay device."
leisure,A,3,"Overhead studio photograph of the capital letter A built from real toys, games, sports and music equipment, laid flat on a seamless pure white background. Soft diffused daylight from the upper left, faint natural contact shadows, sharp focus, true-to-life colour and texture, the letter centred with generous white margin. A real photograph of real objects — not an illustration, not a 3D render, no text, no other letters. Use different objects from these: quickdraw + belay device."
leisure,B,2,"Overhead studio photograph of the capital letter B built from real toys, games, sports and music equipment, laid flat on a seamless pure white background. Soft diffused daylight from the upper left, faint natural contact shadows, sharp focus, true-to-life colour and texture, the letter centred with generous white margin. A real photograph of real objects — not an illustration, not a 3D render, no text, no other letters. Use different objects from these: carabiners."
leisure,B,3,"Overhead studio photograph of the capital letter B built from real toys, games, sports and music equipment, laid flat on a seamless pure white background. Soft diffused daylight from the upper left, faint natural contact shadows, sharp focus, true-to-life colour and texture, the letter centred with generous white margin. A real photograph of real objects — not an illustration, not a 3D render, no text, no other letters. Use different objects from these: carabiners."
leisure,C,3,"Overhead studio photograph of the capital letter C built from real toys, games, sports and music equipment, laid flat on a seamless pure white background. Soft diffused daylight from the upper left, faint natural contact shadows, sharp focus, true-to-life colour and texture, the letter centred with generous white margin. A real photograph of real objects — not an illustration, not a 3D render, no text, no other letters. Use different objects from these: game controller; quickdraw + hex."
leisure,D,3,"Overhead studio photograph of the capital letter D built from real toys, games, sports and music equipment, laid flat on a seamless pure white background. Soft diffused daylight from the upper left, faint natural contact shadows, sharp focus, true-to-life colour and texture, the letter centred with generous white margin. A real photograph of real objects — not an illustration, not a 3D render, no text, no other letters. Use different objects from these: quickdraws; tambourine."
leisure,E,2,"Overhead studio photograph of the capital letter E built from real toys, games, sports and music equipment, laid flat on a seamless pure white background. Soft diffused daylight from the upper left, faint natural contact shadows, sharp focus, true-to-life colour and texture, the letter centred with generous white margin. A real photograph of real objects — not an illustration, not a 3D render, no text, no other letters. Use different objects from these: cam lobes."
leisure,E,3,"Overhead studio photograph of the capital letter E built from real toys, games, sports and music equipment, laid flat on a seamless pure white background. Soft diffused daylight from the upper left, faint natural contact shadows, sharp focus, true-to-life colour and texture, the letter centred with generous white margin. A real photograph of real objects — not an illustration, not a 3D render, no text, no other letters. Use different objects from these: cam lobes."
leisure,F,2,"Overhead studio photograph of the capital letter F built from real toys, games, sports and music equipment, laid flat on a seamless pure white background. Soft diffused daylight from the upper left, faint natural contact shadows, sharp focus, true-to-life colour and texture, the letter centred with generous white margin. A real photograph of real objects — not an illustration, not a 3D render, no text, no other letters. Use different objects from these: sling."
leisure,F,3,"Overhead studio photograph of the capital letter F built from real toys, games, sports and music equipment, laid flat on a seamless pure white background. Soft diffused daylight from the upper left, faint natural contact shadows, sharp focus, true-to-life colour and texture, the letter centred with generous white margin. A real photograph of real objects — not an illustration, not a 3D render, no text, no other letters. Use different objects from these: sling."
leisure,G,2,"Overhead studio photograph of the capital letter G built from real toys, games, sports and music equipment, laid flat on a seamless pure white background. Soft diffused daylight from the upper left, faint natural contact shadows, sharp focus, true-to-life colour and texture, the letter centred with generous white margin. A real photograph of real objects — not an illustration, not a 3D render, no text, no other letters. Use different objects from these: sling + carabiners."
leisure,G,3,"Overhead studio photograph of the capital letter G built from real toys, games, sports and music equipment, laid flat on a seamless pure white background. Soft diffused daylight from the upper left, faint natural contact shadows, sharp focus, true-to-life colour and texture, the letter centred with generous white margin. A real photograph of real objects — not an illustration, not a 3D render, no text, no other letters. Use different objects from these: sling + carabiners."
leisure,H,3,"Overhead studio photograph of the capital letter H built from real toys, games, sports and music equipment, laid flat on a seamless pure white background. Soft diffused daylight from the upper left, faint natural contact shadows, sharp focus, true-to-life colour and texture, the letter centred with generous white margin. A real photograph of real objects — not an illustration, not a 3D render, no text, no other letters. Use different objects from these: cassette tapes; quickdraws."
leisure,I,2,"Overhead studio photograph of the capital letter I built from real toys, games, sports and music equipment, laid flat on a seamless pure white background. Soft diffused daylight from the upper left, faint natural contact shadows, sharp focus, true-to-life colour and texture, the letter centred with generous white margin. A real photograph of real objects — not an illustration, not a 3D render, no text, no other letters. Use different objects from these: nut on cable."
leisure,I,3,"Overhead studio photograph of the capital letter I built from real toys, games, sports and music equipment, laid flat on a seamless pure white background. Soft diffused daylight from the upper left, faint natural contact shadows, sharp focus, true-to-life colour and texture, the letter centred with generous white margin. A real photograph of real objects — not an illustration, not a 3D render, no text, no other letters. Use different objects from these: nut on cable."
leisure,J,2,"Overhead studio photograph of the capital letter J built from real toys, games, sports and music equipment, laid flat on a seamless pure white background. Soft diffused daylight from the upper left, faint natural contact shadows, sharp focus, true-to-life colour and texture, the letter centred with generous white margin. A real photograph of real objects — not an illustration, not a 3D render, no text, no other letters. Use different objects from these: nut + carabiner."
leisure,J,3,"Overhead studio photograph of the capital letter J built from real toys, games, sports and music equipment, laid flat on a seamless pure white background. Soft diffused daylight from the upper left, faint natural contact shadows, sharp focus, true-to-life colour and texture, the letter centred with generous white margin. A real photograph of real objects — not an illustration, not a 3D render, no text, no other letters. Use different objects from these: nut + carabiner."
leisure,K,2,"Overhead studio photograph of the capital letter K built from real toys, games, sports and music equipment, laid flat on a seamless pure white background. Soft diffused daylight from the upper left, faint natural contact shadows, sharp focus, true-to-life colour and texture, the letter centred with generous white margin. A real photograph of real objects — not an illustration, not a 3D render, no text, no other letters. Use different objects from these: cord."
leisure,K,3,"Overhead studio photograph of the capital letter K built from real toys, games, sports and music equipment, laid flat on a seamless pure white background. Soft diffused daylight from the upper left, faint natural contact shadows, sharp focus, true-to-life colour and texture, the letter centred with generous white margin. A real photograph of real objects — not an illustration, not a 3D render, no text, no other letters. Use different objects from these: cord."
leisure,L,3,"Overhead studio photograph of the capital letter L built from real toys, games, sports and music equipment, laid flat on a seamless pure white background. Soft diffused daylight from the upper left, faint natural contact shadows, sharp focus, true-to-life colour and texture, the letter centred with generous white margin. A real photograph of real objects — not an illustration, not a 3D render, no text, no other letters. Use different objects from these: cam + carabiner; ludo coins on board."
leisure,N,3,"Overhead studio photograph of the capital letter N built from real toys, games, sports and music equipment, laid flat on a seamless pure white background. Soft diffused daylight from the upper left, faint natural contact shadows, sharp focus, true-to-life colour and texture, the letter centred with generous white margin. A real photograph of real objects — not an illustration, not a 3D render, no text, no other letters. Use different objects from these: quickdraw; tent poles."
leisure,O,3,"Overhead studio photograph of the capital letter O built from real toys, games, sports and music equipment, laid flat on a seamless pure white background. Soft diffused daylight from the upper left, faint natural contact shadows, sharp focus, true-to-life colour and texture, the letter centred with generous white margin. A real photograph of real objects — not an illustration, not a 3D render, no text, no other letters. Use different objects from these: locking carabiner; steering wheel controller."
leisure,P,2,"Overhead studio photograph of the capital letter P built from real toys, games, sports and music equipment, laid flat on a seamless pure white background. Soft diffused daylight from the upper left, faint natural contact shadows, sharp focus, true-to-life colour and texture, the letter centred with generous white margin. A real photograph of real objects — not an illustration, not a 3D render, no text, no other letters. Use different objects from these: cams + sling."
leisure,P,3,"Overhead studio photograph of the capital letter P built from real toys, games, sports and music equipment, laid flat on a seamless pure white background. Soft diffused daylight from the upper left, faint natural contact shadows, sharp focus, true-to-life colour and texture, the letter centred with generous white margin. A real photograph of real objects — not an illustration, not a 3D render, no text, no other letters. Use different objects from these: cams + sling."
leisure,Q,2,"Overhead studio photograph of the capital letter Q built from real toys, games, sports and music equipment, laid flat on a seamless pure white background. Soft diffused daylight from the upper left, faint natural contact shadows, sharp focus, true-to-life colour and texture, the letter centred with generous white margin. A real photograph of real objects — not an illustration, not a 3D render, no text, no other letters. Use different objects from these: cable nut + carabiner."
leisure,Q,3,"Overhead studio photograph of the capital letter Q built from real toys, games, sports and music equipment, laid flat on a seamless pure white background. Soft diffused daylight from the upper left, faint natural contact shadows, sharp focus, true-to-life colour and texture, the letter centred with generous white margin. A real photograph of real objects — not an illustration, not a 3D render, no text, no other letters. Use different objects from these: cable nut + carabiner."
leisure,R,2,"Overhead studio photograph of the capital letter R built from real toys, games, sports and music equipment, laid flat on a seamless pure white background. Soft diffused daylight from the upper left, faint natural contact shadows, sharp focus, true-to-life colour and texture, the letter centred with generous white margin. A real photograph of real objects — not an illustration, not a 3D render, no text, no other letters. Use different objects from these: bicycle saddle."
leisure,R,3,"Overhead studio photograph of the capital letter R built from real toys, games, sports and music equipment, laid flat on a seamless pure white background. Soft diffused daylight from the upper left, faint natural contact shadows, sharp focus, true-to-life colour and texture, the letter centred with generous white margin. A real photograph of real objects — not an illustration, not a 3D render, no text, no other letters. Use different objects from these: bicycle saddle."
leisure,S,2,"Overhead studio photograph of the capital letter S built from real toys, games, sports and music equipment, laid flat on a seamless pure white background. Soft diffused daylight from the upper left, faint natural contact shadows, sharp focus, true-to-life colour and texture, the letter centred with generous white margin. A real photograph of real objects — not an illustration, not a 3D render, no text, no other letters. Use different objects from these: sling."
leisure,S,3,"Overhead studio photograph of the capital letter S built from real toys, games, sports and music equipment, laid flat on a seamless pure white background. Soft diffused daylight from the upper left, faint natural contact shadows, sharp focus, true-to-life colour and texture, the letter centred with generous white margin. A real photograph of real objects — not an illustration, not a 3D render, no text, no other letters. Use different objects from these: sling."
leisure,U,2,"Overhead studio photograph of the capital letter U built from real toys, games, sports and music equipment, laid flat on a seamless pure white background. Soft diffused daylight from the upper left, faint natural contact shadows, sharp focus, true-to-life colour and texture, the letter centred with generous white margin. A real photograph of real objects — not an illustration, not a 3D render, no text, no other letters. Use different objects from these: carabiners + sling."
leisure,U,3,"Overhead studio photograph of the capital letter U built from real toys, games, sports and music equipment, laid flat on a seamless pure white background. Soft diffused daylight from the upper left, faint natural contact shadows, sharp focus, true-to-life colour and texture, the letter centred with generous white margin. A real photograph of real objects — not an illustration, not a 3D render, no text, no other letters. Use different objects from these: carabiners + sling."
leisure,V,3,"Overhead studio photograph of the capital letter V built from real toys, games, sports and music equipment, laid flat on a seamless pure white background. Soft diffused daylight from the upper left, faint natural contact shadows, sharp focus, true-to-life colour and texture, the letter centred with generous white margin. A real photograph of real objects — not an illustration, not a 3D render, no text, no other letters. Use different objects from these: guitar pick; quickdraw."
leisure,W,2,"Overhead studio photograph of the capital letter W built from real toys, games, sports and music equipment, laid flat on a seamless pure white background. Soft diffused daylight from the upper left, faint natural contact shadows, sharp focus, true-to-life colour and texture, the letter centred with generous white margin. A real photograph of real objects — not an illustration, not a 3D render, no text, no other letters. Use different objects from these: quickdraws."
leisure,W,3,"Overhead studio photograph of the capital letter W built from real toys, games, sports and music equipment, laid flat on a seamless pure white background. Soft diffused daylight from the upper left, faint natural contact shadows, sharp focus, true-to-life colour and texture, the letter centred with generous white margin. A real photograph of real objects — not an illustration, not a 3D render, no text, no other letters. Use different objects from these: quickdraws."
leisure,X,2,"Overhead studio photograph of the capital letter X built from real toys, games, sports and music equipment, laid flat on a seamless pure white background. Soft diffused daylight from the upper left, faint natural contact shadows, sharp focus, true-to-life colour and texture, the letter centred with generous white margin. A real photograph of real objects — not an illustration, not a 3D render, no text, no other letters. Use different objects from these: nuts on cables."
leisure,X,3,"Overhead studio photograph of the capital letter X built from real toys, games, sports and music equipment, laid flat on a seamless pure white background. Soft diffused daylight from the upper left, faint natural contact shadows, sharp focus, true-to-life colour and texture, the letter centred with generous white margin. A real photograph of real objects — not an illustration, not a 3D render, no text, no other letters. Use different objects from these: nuts on cables."
leisure,Y,2,"Overhead studio photograph of the capital letter Y built from real toys, games, sports and music equipment, laid flat on a seamless pure white background. Soft diffused daylight from the upper left, faint natural contact shadows, sharp focus, true-to-life colour and texture, the letter centred with generous white margin. A real photograph of real objects — not an illustration, not a 3D render, no text, no other letters. Use different objects from these: cam + carabiner."
leisure,Y,3,"Overhead studio photograph of the capital letter Y built from real toys, games, sports and music equipment, laid flat on a seamless pure white background. Soft diffused daylight from the upper left, faint natural contact shadows, sharp focus, true-to-life colour and texture, the letter centred with generous white margin. A real photograph of real objects — not an illustration, not a 3D render, no text, no other letters. Use different objects from these: cam + carabiner."
leisure,Z,2,"Overhead studio photograph of the capital letter Z built from real toys, games, sports and music equipment, laid flat on a seamless pure white background. Soft diffused daylight from the upper left, faint natural contact shadows, sharp focus, true-to-life colour and texture, the letter centred with generous white margin. A real photograph of real objects — not an illustration, not a 3D render, no text, no other letters. Use different objects from these: carabiners + sling."
leisure,Z,3,"Overhead studio photograph of the capital letter Z built from real toys, games, sports and music equipment, laid flat on a seamless pure white background. Soft diffused daylight from the upper left, faint natural contact shadows, sharp focus, true-to-life colour and texture, the letter centred with generous white margin. A real photograph of real objects — not an illustration, not a 3D render, no text, no other letters. Use different objects from these: carabiners + sling."
nature,A,3,"Overhead studio photograph of the capital letter A built from real natural botanical material (twigs, leaves, feathers, flowers, pine needles, bark), laid flat on a seamless pure white background. Soft diffused daylight from the upper left, faint natural contact shadows, sharp focus, true-to-life colour and texture, the letter centred with generous white margin. A real photograph of real objects — not an illustration, not a 3D render, no text, no other letters. Use different objects from these: feathers; leaf cut to shape."
nature,B,2,"Overhead studio photograph of the capital letter B built from real natural botanical material (twigs, leaves, feathers, flowers, pine needles, bark), laid flat on a seamless pure white background. Soft diffused daylight from the upper left, faint natural contact shadows, sharp focus, true-to-life colour and texture, the letter centred with generous white margin. A real photograph of real objects — not an illustration, not a 3D render, no text, no other letters. Use different objects from these: leaf cut to shape."
nature,B,3,"Overhead studio photograph of the capital letter B built from real natural botanical material (twigs, leaves, feathers, flowers, pine needles, bark), laid flat on a seamless pure white background. Soft diffused daylight from the upper left, faint natural contact shadows, sharp focus, true-to-life colour and texture, the letter centred with generous white margin. A real photograph of real objects — not an illustration, not a 3D render, no text, no other letters. Use different objects from these: leaf cut to shape."
nature,C,2,"Overhead studio photograph of the capital letter C built from real natural botanical material (twigs, leaves, feathers, flowers, pine needles, bark), laid flat on a seamless pure white background. Soft diffused daylight from the upper left, faint natural contact shadows, sharp focus, true-to-life colour and texture, the letter centred with generous white margin. A real photograph of real objects — not an illustration, not a 3D render, no text, no other letters. Use different objects from these: leaf cut to shape."
nature,C,3,"Overhead studio photograph of the capital letter C built from real natural botanical material (twigs, leaves, feathers, flowers, pine needles, bark), laid flat on a seamless pure white background. Soft diffused daylight from the upper left, faint natural contact shadows, sharp focus, true-to-life colour and texture, the letter centred with generous white margin. A real photograph of real objects — not an illustration, not a 3D render, no text, no other letters. Use different objects from these: leaf cut to shape."
nature,D,2,"Overhead studio photograph of the capital letter D built from real natural botanical material (twigs, leaves, feathers, flowers, pine needles, bark), laid flat on a seamless pure white background. Soft diffused daylight from the upper left, faint natural contact shadows, sharp focus, true-to-life colour and texture, the letter centred with generous white margin. A real photograph of real objects — not an illustration, not a 3D render, no text, no other letters. Use different objects from these: leaf cut to shape."
nature,D,3,"Overhead studio photograph of the capital letter D built from real natural botanical material (twigs, leaves, feathers, flowers, pine needles, bark), laid flat on a seamless pure white background. Soft diffused daylight from the upper left, faint natural contact shadows, sharp focus, true-to-life colour and texture, the letter centred with generous white margin. A real photograph of real objects — not an illustration, not a 3D render, no text, no other letters. Use different objects from these: leaf cut to shape."
nature,E,3,"Overhead studio photograph of the capital letter E built from real natural botanical material (twigs, leaves, feathers, flowers, pine needles, bark), laid flat on a seamless pure white background. Soft diffused daylight from the upper left, faint natural contact shadows, sharp focus, true-to-life colour and texture, the letter centred with generous white margin. A real photograph of real objects — not an illustration, not a 3D render, no text, no other letters. Use different objects from these: dandelions; leaf cut to shape."
nature,F,2,"Overhead studio photograph of the capital letter F built from real natural botanical material (twigs, leaves, feathers, flowers, pine needles, bark), laid flat on a seamless pure white background. Soft diffused daylight from the upper left, faint natural contact shadows, sharp focus, true-to-life colour and texture, the letter centred with generous white margin. A real photograph of real objects — not an illustration, not a 3D render, no text, no other letters. Use different objects from these: leaf cut to shape."
nature,F,3,"Overhead studio photograph of the capital letter F built from real natural botanical material (twigs, leaves, feathers, flowers, pine needles, bark), laid flat on a seamless pure white background. Soft diffused daylight from the upper left, faint natural contact shadows, sharp focus, true-to-life colour and texture, the letter centred with generous white margin. A real photograph of real objects — not an illustration, not a 3D render, no text, no other letters. Use different objects from these: leaf cut to shape."
nature,G,2,"Overhead studio photograph of the capital letter G built from real natural botanical material (twigs, leaves, feathers, flowers, pine needles, bark), laid flat on a seamless pure white background. Soft diffused daylight from the upper left, faint natural contact shadows, sharp focus, true-to-life colour and texture, the letter centred with generous white margin. A real photograph of real objects — not an illustration, not a 3D render, no text, no other letters. Use different objects from these: leaf cut to shape."
nature,G,3,"Overhead studio photograph of the capital letter G built from real natural botanical material (twigs, leaves, feathers, flowers, pine needles, bark), laid flat on a seamless pure white background. Soft diffused daylight from the upper left, faint natural contact shadows, sharp focus, true-to-life colour and texture, the letter centred with generous white margin. A real photograph of real objects — not an illustration, not a 3D render, no text, no other letters. Use different objects from these: leaf cut to shape."
nature,H,2,"Overhead studio photograph of the capital letter H built from real natural botanical material (twigs, leaves, feathers, flowers, pine needles, bark), laid flat on a seamless pure white background. Soft diffused daylight from the upper left, faint natural contact shadows, sharp focus, true-to-life colour and texture, the letter centred with generous white margin. A real photograph of real objects — not an illustration, not a 3D render, no text, no other letters. Use different objects from these: leaf cut to shape."
nature,H,3,"Overhead studio photograph of the capital letter H built from real natural botanical material (twigs, leaves, feathers, flowers, pine needles, bark), laid flat on a seamless pure white background. Soft diffused daylight from the upper left, faint natural contact shadows, sharp focus, true-to-life colour and texture, the letter centred with generous white margin. A real photograph of real objects — not an illustration, not a 3D render, no text, no other letters. Use different objects from these: leaf cut to shape."
nature,I,2,"Overhead studio photograph of the capital letter I built from real natural botanical material (twigs, leaves, feathers, flowers, pine needles, bark), laid flat on a seamless pure white background. Soft diffused daylight from the upper left, faint natural contact shadows, sharp focus, true-to-life colour and texture, the letter centred with generous white margin. A real photograph of real objects — not an illustration, not a 3D render, no text, no other letters. Use different objects from these: leaf cut to shape."
nature,I,3,"Overhead studio photograph of the capital letter I built from real natural botanical material (twigs, leaves, feathers, flowers, pine needles, bark), laid flat on a seamless pure white background. Soft diffused daylight from the upper left, faint natural contact shadows, sharp focus, true-to-life colour and texture, the letter centred with generous white margin. A real photograph of real objects — not an illustration, not a 3D render, no text, no other letters. Use different objects from these: leaf cut to shape."
nature,J,3,"Overhead studio photograph of the capital letter J built from real natural botanical material (twigs, leaves, feathers, flowers, pine needles, bark), laid flat on a seamless pure white background. Soft diffused daylight from the upper left, faint natural contact shadows, sharp focus, true-to-life colour and texture, the letter centred with generous white margin. A real photograph of real objects — not an illustration, not a 3D render, no text, no other letters. Use different objects from these: grass seed head; leaf cut to shape."
nature,K,3,"Overhead studio photograph of the capital letter K built from real natural botanical material (twigs, leaves, feathers, flowers, pine needles, bark), laid flat on a seamless pure white background. Soft diffused daylight from the upper left, faint natural contact shadows, sharp focus, true-to-life colour and texture, the letter centred with generous white margin. A real photograph of real objects — not an illustration, not a 3D render, no text, no other letters. Use different objects from these: leaf cut to shape; twigs."
nature,L,3,"Overhead studio photograph of the capital letter L built from real natural botanical material (twigs, leaves, feathers, flowers, pine needles, bark), laid flat on a seamless pure white background. Soft diffused daylight from the upper left, faint natural contact shadows, sharp focus, true-to-life colour and texture, the letter centred with generous white margin. A real photograph of real objects — not an illustration, not a 3D render, no text, no other letters. Use different objects from these: bark pieces; leaf cut to shape."
nature,M,3,"Overhead studio photograph of the capital letter M built from real natural botanical material (twigs, leaves, feathers, flowers, pine needles, bark), laid flat on a seamless pure white background. Soft diffused daylight from the upper left, faint natural contact shadows, sharp focus, true-to-life colour and texture, the letter centred with generous white margin. A real photograph of real objects — not an illustration, not a 3D render, no text, no other letters. Use different objects from these: berry twigs; leaf cut to shape."
nature,N,2,"Overhead studio photograph of the capital letter N built from real natural botanical material (twigs, leaves, feathers, flowers, pine needles, bark), laid flat on a seamless pure white background. Soft diffused daylight from the upper left, faint natural contact shadows, sharp focus, true-to-life colour and texture, the letter centred with generous white margin. A real photograph of real objects — not an illustration, not a 3D render, no text, no other letters. Use different objects from these: leaf cut to shape."
nature,N,3,"Overhead studio photograph of the capital letter N built from real natural botanical material (twigs, leaves, feathers, flowers, pine needles, bark), laid flat on a seamless pure white background. Soft diffused daylight from the upper left, faint natural contact shadows, sharp focus, true-to-life colour and texture, the letter centred with generous white margin. A real photograph of real objects — not an illustration, not a 3D render, no text, no other letters. Use different objects from these: leaf cut to shape."
nature,O,3,"Overhead studio photograph of the capital letter O built from real natural botanical material (twigs, leaves, feathers, flowers, pine needles, bark), laid flat on a seamless pure white background. Soft diffused daylight from the upper left, faint natural contact shadows, sharp focus, true-to-life colour and texture, the letter centred with generous white margin. A real photograph of real objects — not an illustration, not a 3D render, no text, no other letters. Use different objects from these: leaf cut to shape; vine."
nature,P,3,"Overhead studio photograph of the capital letter P built from real natural botanical material (twigs, leaves, feathers, flowers, pine needles, bark), laid flat on a seamless pure white background. Soft diffused daylight from the upper left, faint natural contact shadows, sharp focus, true-to-life colour and texture, the letter centred with generous white margin. A real photograph of real objects — not an illustration, not a 3D render, no text, no other letters. Use different objects from these: leaf cut to shape; red flowers."
nature,Q,3,"Overhead studio photograph of the capital letter Q built from real natural botanical material (twigs, leaves, feathers, flowers, pine needles, bark), laid flat on a seamless pure white background. Soft diffused daylight from the upper left, faint natural contact shadows, sharp focus, true-to-life colour and texture, the letter centred with generous white margin. A real photograph of real objects — not an illustration, not a 3D render, no text, no other letters. Use different objects from these: leaf cut to shape; pine needles."
nature,R,2,"Overhead studio photograph of the capital letter R built from real natural botanical material (twigs, leaves, feathers, flowers, pine needles, bark), laid flat on a seamless pure white background. Soft diffused daylight from the upper left, faint natural contact shadows, sharp focus, true-to-life colour and texture, the letter centred with generous white margin. A real photograph of real objects — not an illustration, not a 3D render, no text, no other letters. Use different objects from these: leaf cut to shape."
nature,R,3,"Overhead studio photograph of the capital letter R built from real natural botanical material (twigs, leaves, feathers, flowers, pine needles, bark), laid flat on a seamless pure white background. Soft diffused daylight from the upper left, faint natural contact shadows, sharp focus, true-to-life colour and texture, the letter centred with generous white margin. A real photograph of real objects — not an illustration, not a 3D render, no text, no other letters. Use different objects from these: leaf cut to shape."
nature,S,3,"Overhead studio photograph of the capital letter S built from real natural botanical material (twigs, leaves, feathers, flowers, pine needles, bark), laid flat on a seamless pure white background. Soft diffused daylight from the upper left, faint natural contact shadows, sharp focus, true-to-life colour and texture, the letter centred with generous white margin. A real photograph of real objects — not an illustration, not a 3D render, no text, no other letters. Use different objects from these: leaf cut to shape; thorny branch."
nature,T,3,"Overhead studio photograph of the capital letter T built from real natural botanical material (twigs, leaves, feathers, flowers, pine needles, bark), laid flat on a seamless pure white background. Soft diffused daylight from the upper left, faint natural contact shadows, sharp focus, true-to-life colour and texture, the letter centred with generous white margin. A real photograph of real objects — not an illustration, not a 3D render, no text, no other letters. Use different objects from these: leaf cut to shape; mossy twigs."
nature,U,2,"Overhead studio photograph of the capital letter U built from real natural botanical material (twigs, leaves, feathers, flowers, pine needles, bark), laid flat on a seamless pure white background. Soft diffused daylight from the upper left, faint natural contact shadows, sharp focus, true-to-life colour and texture, the letter centred with generous white margin. A real photograph of real objects — not an illustration, not a 3D render, no text, no other letters. Use different objects from these: leaf cut to shape."
nature,U,3,"Overhead studio photograph of the capital letter U built from real natural botanical material (twigs, leaves, feathers, flowers, pine needles, bark), laid flat on a seamless pure white background. Soft diffused daylight from the upper left, faint natural contact shadows, sharp focus, true-to-life colour and texture, the letter centred with generous white margin. A real photograph of real objects — not an illustration, not a 3D render, no text, no other letters. Use different objects from these: leaf cut to shape."
nature,V,3,"Overhead studio photograph of the capital letter V built from real natural botanical material (twigs, leaves, feathers, flowers, pine needles, bark), laid flat on a seamless pure white background. Soft diffused daylight from the upper left, faint natural contact shadows, sharp focus, true-to-life colour and texture, the letter centred with generous white margin. A real photograph of real objects — not an illustration, not a 3D render, no text, no other letters. Use different objects from these: fern fronds; leaf cut to shape."
nature,W,2,"Overhead studio photograph of the capital letter W built from real natural botanical material (twigs, leaves, feathers, flowers, pine needles, bark), laid flat on a seamless pure white background. Soft diffused daylight from the upper left, faint natural contact shadows, sharp focus, true-to-life colour and texture, the letter centred with generous white margin. A real photograph of real objects — not an illustration, not a 3D render, no text, no other letters. Use different objects from these: leaf cut to shape."
nature,W,3,"Overhead studio photograph of the capital letter W built from real natural botanical material (twigs, leaves, feathers, flowers, pine needles, bark), laid flat on a seamless pure white background. Soft diffused daylight from the upper left, faint natural contact shadows, sharp focus, true-to-life colour and texture, the letter centred with generous white margin. A real photograph of real objects — not an illustration, not a 3D render, no text, no other letters. Use different objects from these: leaf cut to shape."
nature,X,3,"Overhead studio photograph of the capital letter X built from real natural botanical material (twigs, leaves, feathers, flowers, pine needles, bark), laid flat on a seamless pure white background. Soft diffused daylight from the upper left, faint natural contact shadows, sharp focus, true-to-life colour and texture, the letter centred with generous white margin. A real photograph of real objects — not an illustration, not a 3D render, no text, no other letters. Use different objects from these: feathers; leaf cut to shape."
nature,Y,3,"Overhead studio photograph of the capital letter Y built from real natural botanical material (twigs, leaves, feathers, flowers, pine needles, bark), laid flat on a seamless pure white background. Soft diffused daylight from the upper left, faint natural contact shadows, sharp focus, true-to-life colour and texture, the letter centred with generous white margin. A real photograph of real objects — not an illustration, not a 3D render, no text, no other letters. Use different objects from these: autumn leaves; leaf cut to shape."
nature,Z,3,"Overhead studio photograph of the capital letter Z built from real natural botanical material (twigs, leaves, feathers, flowers, pine needles, bark), laid flat on a seamless pure white background. Soft diffused daylight from the upper left, faint natural contact shadows, sharp focus, true-to-life colour and texture, the letter centred with generous white margin. A real photograph of real objects — not an illustration, not a 3D render, no text, no other letters. Use different objects from these: leaf cut to shape; twigs."
packaging,A,2,"Overhead studio photograph of the capital letter A built from real cardboard packaging, cartons, food tins and boxes, laid flat on a seamless pure white background. Soft diffused daylight from the upper left, faint natural contact shadows, sharp focus, true-to-life colour and texture, the letter centred with generous white margin. A real photograph of real objects — not an illustration, not a 3D render, no text, no other letters. Use different objects from these: box + egg carton."
packaging,A,3,"Overhead studio photograph of the capital letter A built from real cardboard packaging, cartons, food tins and boxes, laid flat on a seamless pure white background. Soft diffused daylight from the upper left, faint natural contact shadows, sharp focus, true-to-life colour and texture, the letter centred with generous white margin. A real photograph of real objects — not an illustration, not a 3D render, no text, no other letters. Use different objects from these: box + egg carton."
packaging,B,3,"Overhead studio photograph of the capital letter B built from real cardboard packaging, cartons, food tins and boxes, laid flat on a seamless pure white background. Soft diffused daylight from the upper left, faint natural contact shadows, sharp focus, true-to-life colour and texture, the letter centred with generous white margin. A real photograph of real objects — not an illustration, not a 3D render, no text, no other letters. Use different objects from these: cardboard + can lids; food delivery containers."
packaging,C,3,"Overhead studio photograph of the capital letter C built from real cardboard packaging, cartons, food tins and boxes, laid flat on a seamless pure white background. Soft diffused daylight from the upper left, faint natural contact shadows, sharp focus, true-to-life colour and texture, the letter centred with generous white margin. A real photograph of real objects — not an illustration, not a 3D render, no text, no other letters. Use different objects from these: newspaper roll; paper bag."
packaging,D,2,"Overhead studio photograph of the capital letter D built from real cardboard packaging, cartons, food tins and boxes, laid flat on a seamless pure white background. Soft diffused daylight from the upper left, faint natural contact shadows, sharp focus, true-to-life colour and texture, the letter centred with generous white margin. A real photograph of real objects — not an illustration, not a 3D render, no text, no other letters. Use different objects from these: egg carton + plastic bag."
packaging,D,3,"Overhead studio photograph of the capital letter D built from real cardboard packaging, cartons, food tins and boxes, laid flat on a seamless pure white background. Soft diffused daylight from the upper left, faint natural contact shadows, sharp focus, true-to-life colour and texture, the letter centred with generous white margin. A real photograph of real objects — not an illustration, not a 3D render, no text, no other letters. Use different objects from these: egg carton + plastic bag."
packaging,E,2,"Overhead studio photograph of the capital letter E built from real cardboard packaging, cartons, food tins and boxes, laid flat on a seamless pure white background. Soft diffused daylight from the upper left, faint natural contact shadows, sharp focus, true-to-life colour and texture, the letter centred with generous white margin. A real photograph of real objects — not an illustration, not a 3D render, no text, no other letters. Use different objects from these: egg cartons + box."
packaging,E,3,"Overhead studio photograph of the capital letter E built from real cardboard packaging, cartons, food tins and boxes, laid flat on a seamless pure white background. Soft diffused daylight from the upper left, faint natural contact shadows, sharp focus, true-to-life colour and texture, the letter centred with generous white margin. A real photograph of real objects — not an illustration, not a 3D render, no text, no other letters. Use different objects from these: egg cartons + box."
packaging,F,2,"Overhead studio photograph of the capital letter F built from real cardboard packaging, cartons, food tins and boxes, laid flat on a seamless pure white background. Soft diffused daylight from the upper left, faint natural contact shadows, sharp focus, true-to-life colour and texture, the letter centred with generous white margin. A real photograph of real objects — not an illustration, not a 3D render, no text, no other letters. Use different objects from these: cans + boxes."
packaging,F,3,"Overhead studio photograph of the capital letter F built from real cardboard packaging, cartons, food tins and boxes, laid flat on a seamless pure white background. Soft diffused daylight from the upper left, faint natural contact shadows, sharp focus, true-to-life colour and texture, the letter centred with generous white margin. A real photograph of real objects — not an illustration, not a 3D render, no text, no other letters. Use different objects from these: cans + boxes."
packaging,G,2,"Overhead studio photograph of the capital letter G built from real cardboard packaging, cartons, food tins and boxes, laid flat on a seamless pure white background. Soft diffused daylight from the upper left, faint natural contact shadows, sharp focus, true-to-life colour and texture, the letter centred with generous white margin. A real photograph of real objects — not an illustration, not a 3D render, no text, no other letters. Use different objects from these: white box frame."
packaging,G,3,"Overhead studio photograph of the capital letter G built from real cardboard packaging, cartons, food tins and boxes, laid flat on a seamless pure white background. Soft diffused daylight from the upper left, faint natural contact shadows, sharp focus, true-to-life colour and texture, the letter centred with generous white margin. A real photograph of real objects — not an illustration, not a 3D render, no text, no other letters. Use different objects from these: white box frame."
packaging,H,2,"Overhead studio photograph of the capital letter H built from real cardboard packaging, cartons, food tins and boxes, laid flat on a seamless pure white background. Soft diffused daylight from the upper left, faint natural contact shadows, sharp focus, true-to-life colour and texture, the letter centred with generous white margin. A real photograph of real objects — not an illustration, not a 3D render, no text, no other letters. Use different objects from these: egg cartons + tray."
packaging,H,3,"Overhead studio photograph of the capital letter H built from real cardboard packaging, cartons, food tins and boxes, laid flat on a seamless pure white background. Soft diffused daylight from the upper left, faint natural contact shadows, sharp focus, true-to-life colour and texture, the letter centred with generous white margin. A real photograph of real objects — not an illustration, not a 3D render, no text, no other letters. Use different objects from these: egg cartons + tray."
packaging,I,2,"Overhead studio photograph of the capital letter I built from real cardboard packaging, cartons, food tins and boxes, laid flat on a seamless pure white background. Soft diffused daylight from the upper left, faint natural contact shadows, sharp focus, true-to-life colour and texture, the letter centred with generous white margin. A real photograph of real objects — not an illustration, not a 3D render, no text, no other letters. Use different objects from these: soda bottle + cap."
packaging,I,3,"Overhead studio photograph of the capital letter I built from real cardboard packaging, cartons, food tins and boxes, laid flat on a seamless pure white background. Soft diffused daylight from the upper left, faint natural contact shadows, sharp focus, true-to-life colour and texture, the letter centred with generous white margin. A real photograph of real objects — not an illustration, not a 3D render, no text, no other letters. Use different objects from these: soda bottle + cap."
packaging,J,2,"Overhead studio photograph of the capital letter J built from real cardboard packaging, cartons, food tins and boxes, laid flat on a seamless pure white background. Soft diffused daylight from the upper left, faint natural contact shadows, sharp focus, true-to-life colour and texture, the letter centred with generous white margin. A real photograph of real objects — not an illustration, not a 3D render, no text, no other letters. Use different objects from these: egg tray + can."
packaging,J,3,"Overhead studio photograph of the capital letter J built from real cardboard packaging, cartons, food tins and boxes, laid flat on a seamless pure white background. Soft diffused daylight from the upper left, faint natural contact shadows, sharp focus, true-to-life colour and texture, the letter centred with generous white margin. A real photograph of real objects — not an illustration, not a 3D render, no text, no other letters. Use different objects from these: egg tray + can."
packaging,K,2,"Overhead studio photograph of the capital letter K built from real cardboard packaging, cartons, food tins and boxes, laid flat on a seamless pure white background. Soft diffused daylight from the upper left, faint natural contact shadows, sharp focus, true-to-life colour and texture, the letter centred with generous white margin. A real photograph of real objects — not an illustration, not a 3D render, no text, no other letters. Use different objects from these: box + envelope."
packaging,K,3,"Overhead studio photograph of the capital letter K built from real cardboard packaging, cartons, food tins and boxes, laid flat on a seamless pure white background. Soft diffused daylight from the upper left, faint natural contact shadows, sharp focus, true-to-life colour and texture, the letter centred with generous white margin. A real photograph of real objects — not an illustration, not a 3D render, no text, no other letters. Use different objects from these: box + envelope."
packaging,L,2,"Overhead studio photograph of the capital letter L built from real cardboard packaging, cartons, food tins and boxes, laid flat on a seamless pure white background. Soft diffused daylight from the upper left, faint natural contact shadows, sharp focus, true-to-life colour and texture, the letter centred with generous white margin. A real photograph of real objects — not an illustration, not a 3D render, no text, no other letters. Use different objects from these: cracker boxes."
packaging,L,3,"Overhead studio photograph of the capital letter L built from real cardboard packaging, cartons, food tins and boxes, laid flat on a seamless pure white background. Soft diffused daylight from the upper left, faint natural contact shadows, sharp focus, true-to-life colour and texture, the letter centred with generous white margin. A real photograph of real objects — not an illustration, not a 3D render, no text, no other letters. Use different objects from these: cracker boxes."
packaging,M,2,"Overhead studio photograph of the capital letter M built from real cardboard packaging, cartons, food tins and boxes, laid flat on a seamless pure white background. Soft diffused daylight from the upper left, faint natural contact shadows, sharp focus, true-to-life colour and texture, the letter centred with generous white margin. A real photograph of real objects — not an illustration, not a 3D render, no text, no other letters. Use different objects from these: folded cardboard."
packaging,M,3,"Overhead studio photograph of the capital letter M built from real cardboard packaging, cartons, food tins and boxes, laid flat on a seamless pure white background. Soft diffused daylight from the upper left, faint natural contact shadows, sharp focus, true-to-life colour and texture, the letter centred with generous white margin. A real photograph of real objects — not an illustration, not a 3D render, no text, no other letters. Use different objects from these: folded cardboard."
packaging,N,2,"Overhead studio photograph of the capital letter N built from real cardboard packaging, cartons, food tins and boxes, laid flat on a seamless pure white background. Soft diffused daylight from the upper left, faint natural contact shadows, sharp focus, true-to-life colour and texture, the letter centred with generous white margin. A real photograph of real objects — not an illustration, not a 3D render, no text, no other letters. Use different objects from these: food boxes."
packaging,N,3,"Overhead studio photograph of the capital letter N built from real cardboard packaging, cartons, food tins and boxes, laid flat on a seamless pure white background. Soft diffused daylight from the upper left, faint natural contact shadows, sharp focus, true-to-life colour and texture, the letter centred with generous white margin. A real photograph of real objects — not an illustration, not a 3D render, no text, no other letters. Use different objects from these: food boxes."
packaging,O,2,"Overhead studio photograph of the capital letter O built from real cardboard packaging, cartons, food tins and boxes, laid flat on a seamless pure white background. Soft diffused daylight from the upper left, faint natural contact shadows, sharp focus, true-to-life colour and texture, the letter centred with generous white margin. A real photograph of real objects — not an illustration, not a 3D render, no text, no other letters. Use different objects from these: box frame."
packaging,O,3,"Overhead studio photograph of the capital letter O built from real cardboard packaging, cartons, food tins and boxes, laid flat on a seamless pure white background. Soft diffused daylight from the upper left, faint natural contact shadows, sharp focus, true-to-life colour and texture, the letter centred with generous white margin. A real photograph of real objects — not an illustration, not a 3D render, no text, no other letters. Use different objects from these: box frame."
packaging,P,3,"Overhead studio photograph of the capital letter P built from real cardboard packaging, cartons, food tins and boxes, laid flat on a seamless pure white background. Soft diffused daylight from the upper left, faint natural contact shadows, sharp focus, true-to-life colour and texture, the letter centred with generous white margin. A real photograph of real objects — not an illustration, not a 3D render, no text, no other letters. Use different objects from these: cardboard + metal handle; tea box."
packaging,Q,2,"Overhead studio photograph of the capital letter Q built from real cardboard packaging, cartons, food tins and boxes, laid flat on a seamless pure white background. Soft diffused daylight from the upper left, faint natural contact shadows, sharp focus, true-to-life colour and texture, the letter centred with generous white margin. A real photograph of real objects — not an illustration, not a 3D render, no text, no other letters. Use different objects from these: plastic bag."
packaging,Q,3,"Overhead studio photograph of the capital letter Q built from real cardboard packaging, cartons, food tins and boxes, laid flat on a seamless pure white background. Soft diffused daylight from the upper left, faint natural contact shadows, sharp focus, true-to-life colour and texture, the letter centred with generous white margin. A real photograph of real objects — not an illustration, not a 3D render, no text, no other letters. Use different objects from these: plastic bag."
packaging,R,2,"Overhead studio photograph of the capital letter R built from real cardboard packaging, cartons, food tins and boxes, laid flat on a seamless pure white background. Soft diffused daylight from the upper left, faint natural contact shadows, sharp focus, true-to-life colour and texture, the letter centred with generous white margin. A real photograph of real objects — not an illustration, not a 3D render, no text, no other letters. Use different objects from these: can + box."
packaging,R,3,"Overhead studio photograph of the capital letter R built from real cardboard packaging, cartons, food tins and boxes, laid flat on a seamless pure white background. Soft diffused daylight from the upper left, faint natural contact shadows, sharp focus, true-to-life colour and texture, the letter centred with generous white margin. A real photograph of real objects — not an illustration, not a 3D render, no text, no other letters. Use different objects from these: can + box."
packaging,S,2,"Overhead studio photograph of the capital letter S built from real cardboard packaging, cartons, food tins and boxes, laid flat on a seamless pure white background. Soft diffused daylight from the upper left, faint natural contact shadows, sharp focus, true-to-life colour and texture, the letter centred with generous white margin. A real photograph of real objects — not an illustration, not a 3D render, no text, no other letters. Use different objects from these: twisted plastic bag."
packaging,S,3,"Overhead studio photograph of the capital letter S built from real cardboard packaging, cartons, food tins and boxes, laid flat on a seamless pure white background. Soft diffused daylight from the upper left, faint natural contact shadows, sharp focus, true-to-life colour and texture, the letter centred with generous white margin. A real photograph of real objects — not an illustration, not a 3D render, no text, no other letters. Use different objects from these: twisted plastic bag."
packaging,T,2,"Overhead studio photograph of the capital letter T built from real cardboard packaging, cartons, food tins and boxes, laid flat on a seamless pure white background. Soft diffused daylight from the upper left, faint natural contact shadows, sharp focus, true-to-life colour and texture, the letter centred with generous white margin. A real photograph of real objects — not an illustration, not a 3D render, no text, no other letters. Use different objects from these: egg tray + carton."
packaging,T,3,"Overhead studio photograph of the capital letter T built from real cardboard packaging, cartons, food tins and boxes, laid flat on a seamless pure white background. Soft diffused daylight from the upper left, faint natural contact shadows, sharp focus, true-to-life colour and texture, the letter centred with generous white margin. A real photograph of real objects — not an illustration, not a 3D render, no text, no other letters. Use different objects from these: egg tray + carton."
packaging,U,2,"Overhead studio photograph of the capital letter U built from real cardboard packaging, cartons, food tins and boxes, laid flat on a seamless pure white background. Soft diffused daylight from the upper left, faint natural contact shadows, sharp focus, true-to-life colour and texture, the letter centred with generous white margin. A real photograph of real objects — not an illustration, not a 3D render, no text, no other letters. Use different objects from these: box frame."
packaging,U,3,"Overhead studio photograph of the capital letter U built from real cardboard packaging, cartons, food tins and boxes, laid flat on a seamless pure white background. Soft diffused daylight from the upper left, faint natural contact shadows, sharp focus, true-to-life colour and texture, the letter centred with generous white margin. A real photograph of real objects — not an illustration, not a 3D render, no text, no other letters. Use different objects from these: box frame."
packaging,V,2,"Overhead studio photograph of the capital letter V built from real cardboard packaging, cartons, food tins and boxes, laid flat on a seamless pure white background. Soft diffused daylight from the upper left, faint natural contact shadows, sharp focus, true-to-life colour and texture, the letter centred with generous white margin. A real photograph of real objects — not an illustration, not a 3D render, no text, no other letters. Use different objects from these: cardboard + box."
packaging,V,3,"Overhead studio photograph of the capital letter V built from real cardboard packaging, cartons, food tins and boxes, laid flat on a seamless pure white background. Soft diffused daylight from the upper left, faint natural contact shadows, sharp focus, true-to-life colour and texture, the letter centred with generous white margin. A real photograph of real objects — not an illustration, not a 3D render, no text, no other letters. Use different objects from these: cardboard + box."
packaging,W,3,"Overhead studio photograph of the capital letter W built from real cardboard packaging, cartons, food tins and boxes, laid flat on a seamless pure white background. Soft diffused daylight from the upper left, faint natural contact shadows, sharp focus, true-to-life colour and texture, the letter centred with generous white margin. A real photograph of real objects — not an illustration, not a 3D render, no text, no other letters. Use different objects from these: cardboard/sandpaper; egg carton + boxes."
packaging,X,2,"Overhead studio photograph of the capital letter X built from real cardboard packaging, cartons, food tins and boxes, laid flat on a seamless pure white background. Soft diffused daylight from the upper left, faint natural contact shadows, sharp focus, true-to-life colour and texture, the letter centred with generous white margin. A real photograph of real objects — not an illustration, not a 3D render, no text, no other letters. Use different objects from these: cardboard strips."
packaging,X,3,"Overhead studio photograph of the capital letter X built from real cardboard packaging, cartons, food tins and boxes, laid flat on a seamless pure white background. Soft diffused daylight from the upper left, faint natural contact shadows, sharp focus, true-to-life colour and texture, the letter centred with generous white margin. A real photograph of real objects — not an illustration, not a 3D render, no text, no other letters. Use different objects from these: cardboard strips."
packaging,Y,2,"Overhead studio photograph of the capital letter Y built from real cardboard packaging, cartons, food tins and boxes, laid flat on a seamless pure white background. Soft diffused daylight from the upper left, faint natural contact shadows, sharp focus, true-to-life colour and texture, the letter centred with generous white margin. A real photograph of real objects — not an illustration, not a 3D render, no text, no other letters. Use different objects from these: boxes."
packaging,Y,3,"Overhead studio photograph of the capital letter Y built from real cardboard packaging, cartons, food tins and boxes, laid flat on a seamless pure white background. Soft diffused daylight from the upper left, faint natural contact shadows, sharp focus, true-to-life colour and texture, the letter centred with generous white margin. A real photograph of real objects — not an illustration, not a 3D render, no text, no other letters. Use different objects from these: boxes."
packaging,Z,2,"Overhead studio photograph of the capital letter Z built from real cardboard packaging, cartons, food tins and boxes, laid flat on a seamless pure white background. Soft diffused daylight from the upper left, faint natural contact shadows, sharp focus, true-to-life colour and texture, the letter centred with generous white margin. A real photograph of real objects — not an illustration, not a 3D render, no text, no other letters. Use different objects from these: boxes."
packaging,Z,3,"Overhead studio photograph of the capital letter Z built from real cardboard packaging, cartons, food tins and boxes, laid flat on a seamless pure white background. Soft diffused daylight from the upper left, faint natural contact shadows, sharp focus, true-to-life colour and texture, the letter centred with generous white margin. A real photograph of real objects — not an illustration, not a 3D render, no text, no other letters. Use different objects from these: boxes."
prepared_food,A,2,"Overhead studio photograph of the capital letter A built from real snacks, biscuits, sweets and prepared food, laid flat on a seamless pure white background. Soft diffused daylight from the upper left, faint natural contact shadows, sharp focus, true-to-life colour and texture, the letter centred with generous white margin. A real photograph of real objects — not an illustration, not a 3D render, no text, no other letters. Use different objects from these: choc fingers + wafer."
prepared_food,A,3,"Overhead studio photograph of the capital letter A built from real snacks, biscuits, sweets and prepared food, laid flat on a seamless pure white background. Soft diffused daylight from the upper left, faint natural contact shadows, sharp focus, true-to-life colour and texture, the letter centred with generous white margin. A real photograph of real objects — not an illustration, not a 3D render, no text, no other letters. Use different objects from these: choc fingers + wafer."
prepared_food,B,3,"Overhead studio photograph of the capital letter B built from real snacks, biscuits, sweets and prepared food, laid flat on a seamless pure white background. Soft diffused daylight from the upper left, faint natural contact shadows, sharp focus, true-to-life colour and texture, the letter centred with generous white margin. A real photograph of real objects — not an illustration, not a 3D render, no text, no other letters. Use different objects from these: choc finger + jam biscuits; toast with jam."
prepared_food,C,2,"Overhead studio photograph of the capital letter C built from real snacks, biscuits, sweets and prepared food, laid flat on a seamless pure white background. Soft diffused daylight from the upper left, faint natural contact shadows, sharp focus, true-to-life colour and texture, the letter centred with generous white margin. A real photograph of real objects — not an illustration, not a 3D render, no text, no other letters. Use different objects from these: iced ring, broken."
prepared_food,C,3,"Overhead studio photograph of the capital letter C built from real snacks, biscuits, sweets and prepared food, laid flat on a seamless pure white background. Soft diffused daylight from the upper left, faint natural contact shadows, sharp focus, true-to-life colour and texture, the letter centred with generous white margin. A real photograph of real objects — not an illustration, not a 3D render, no text, no other letters. Use different objects from these: iced ring, broken."
prepared_food,D,2,"Overhead studio photograph of the capital letter D built from real snacks, biscuits, sweets and prepared food, laid flat on a seamless pure white background. Soft diffused daylight from the upper left, faint natural contact shadows, sharp focus, true-to-life colour and texture, the letter centred with generous white margin. A real photograph of real objects — not an illustration, not a 3D render, no text, no other letters. Use different objects from these: choc fingers."
prepared_food,D,3,"Overhead studio photograph of the capital letter D built from real snacks, biscuits, sweets and prepared food, laid flat on a seamless pure white background. Soft diffused daylight from the upper left, faint natural contact shadows, sharp focus, true-to-life colour and texture, the letter centred with generous white margin. A real photograph of real objects — not an illustration, not a 3D render, no text, no other letters. Use different objects from these: choc fingers."
prepared_food,E,3,"Overhead studio photograph of the capital letter E built from real snacks, biscuits, sweets and prepared food, laid flat on a seamless pure white background. Soft diffused daylight from the upper left, faint natural contact shadows, sharp focus, true-to-life colour and texture, the letter centred with generous white margin. A real photograph of real objects — not an illustration, not a 3D render, no text, no other letters. Use different objects from these: crab; wafers."
prepared_food,F,3,"Overhead studio photograph of the capital letter F built from real snacks, biscuits, sweets and prepared food, laid flat on a seamless pure white background. Soft diffused daylight from the upper left, faint natural contact shadows, sharp focus, true-to-life colour and texture, the letter centred with generous white margin. A real photograph of real objects — not an illustration, not a 3D render, no text, no other letters. Use different objects from these: choc fingers; waffle."
prepared_food,G,3,"Overhead studio photograph of the capital letter G built from real snacks, biscuits, sweets and prepared food, laid flat on a seamless pure white background. Soft diffused daylight from the upper left, faint natural contact shadows, sharp focus, true-to-life colour and texture, the letter centred with generous white margin. A real photograph of real objects — not an illustration, not a 3D render, no text, no other letters. Use different objects from these: iced rings; pie slices."
prepared_food,I,3,"Overhead studio photograph of the capital letter I built from real snacks, biscuits, sweets and prepared food, laid flat on a seamless pure white background. Soft diffused daylight from the upper left, faint natural contact shadows, sharp focus, true-to-life colour and texture, the letter centred with generous white margin. A real photograph of real objects — not an illustration, not a 3D render, no text, no other letters. Use different objects from these: bourbon; lollipop."
prepared_food,J,2,"Overhead studio photograph of the capital letter J built from real snacks, biscuits, sweets and prepared food, laid flat on a seamless pure white background. Soft diffused daylight from the upper left, faint natural contact shadows, sharp focus, true-to-life colour and texture, the letter centred with generous white margin. A real photograph of real objects — not an illustration, not a 3D render, no text, no other letters. Use different objects from these: wafer + iced biscuit."
prepared_food,J,3,"Overhead studio photograph of the capital letter J built from real snacks, biscuits, sweets and prepared food, laid flat on a seamless pure white background. Soft diffused daylight from the upper left, faint natural contact shadows, sharp focus, true-to-life colour and texture, the letter centred with generous white margin. A real photograph of real objects — not an illustration, not a 3D render, no text, no other letters. Use different objects from these: wafer + iced biscuit."
prepared_food,K,3,"Overhead studio photograph of the capital letter K built from real snacks, biscuits, sweets and prepared food, laid flat on a seamless pure white background. Soft diffused daylight from the upper left, faint natural contact shadows, sharp focus, true-to-life colour and texture, the letter centred with generous white margin. A real photograph of real objects — not an illustration, not a 3D render, no text, no other letters. Use different objects from these: breadsticks; choc finger + bourbon pieces."
prepared_food,L,2,"Overhead studio photograph of the capital letter L built from real snacks, biscuits, sweets and prepared food, laid flat on a seamless pure white background. Soft diffused daylight from the upper left, faint natural contact shadows, sharp focus, true-to-life colour and texture, the letter centred with generous white margin. A real photograph of real objects — not an illustration, not a 3D render, no text, no other letters. Use different objects from these: wafer."
prepared_food,L,3,"Overhead studio photograph of the capital letter L built from real snacks, biscuits, sweets and prepared food, laid flat on a seamless pure white background. Soft diffused daylight from the upper left, faint natural contact shadows, sharp focus, true-to-life colour and texture, the letter centred with generous white margin. A real photograph of real objects — not an illustration, not a 3D render, no text, no other letters. Use different objects from these: wafer."
prepared_food,M,3,"Overhead studio photograph of the capital letter M built from real snacks, biscuits, sweets and prepared food, laid flat on a seamless pure white background. Soft diffused daylight from the upper left, faint natural contact shadows, sharp focus, true-to-life colour and texture, the letter centred with generous white margin. A real photograph of real objects — not an illustration, not a 3D render, no text, no other letters. Use different objects from these: jam biscuit halves + fingers; melting ice lolly."
prepared_food,N,2,"Overhead studio photograph of the capital letter N built from real snacks, biscuits, sweets and prepared food, laid flat on a seamless pure white background. Soft diffused daylight from the upper left, faint natural contact shadows, sharp focus, true-to-life colour and texture, the letter centred with generous white margin. A real photograph of real objects — not an illustration, not a 3D render, no text, no other letters. Use different objects from these: iced ring + fingers."
prepared_food,N,3,"Overhead studio photograph of the capital letter N built from real snacks, biscuits, sweets and prepared food, laid flat on a seamless pure white background. Soft diffused daylight from the upper left, faint natural contact shadows, sharp focus, true-to-life colour and texture, the letter centred with generous white margin. A real photograph of real objects — not an illustration, not a 3D render, no text, no other letters. Use different objects from these: iced ring + fingers."
prepared_food,O,3,"Overhead studio photograph of the capital letter O built from real snacks, biscuits, sweets and prepared food, laid flat on a seamless pure white background. Soft diffused daylight from the upper left, faint natural contact shadows, sharp focus, true-to-life colour and texture, the letter centred with generous white margin. A real photograph of real objects — not an illustration, not a 3D render, no text, no other letters. Use different objects from these: egg; iced ring."
prepared_food,P,3,"Overhead studio photograph of the capital letter P built from real snacks, biscuits, sweets and prepared food, laid flat on a seamless pure white background. Soft diffused daylight from the upper left, faint natural contact shadows, sharp focus, true-to-life colour and texture, the letter centred with generous white margin. A real photograph of real objects — not an illustration, not a 3D render, no text, no other letters. Use different objects from these: fried egg; wafer + jam biscuit."
prepared_food,Q,2,"Overhead studio photograph of the capital letter Q built from real snacks, biscuits, sweets and prepared food, laid flat on a seamless pure white background. Soft diffused daylight from the upper left, faint natural contact shadows, sharp focus, true-to-life colour and texture, the letter centred with generous white margin. A real photograph of real objects — not an illustration, not a 3D render, no text, no other letters. Use different objects from these: jam biscuit + finger."
prepared_food,Q,3,"Overhead studio photograph of the capital letter Q built from real snacks, biscuits, sweets and prepared food, laid flat on a seamless pure white background. Soft diffused daylight from the upper left, faint natural contact shadows, sharp focus, true-to-life colour and texture, the letter centred with generous white margin. A real photograph of real objects — not an illustration, not a 3D render, no text, no other letters. Use different objects from these: jam biscuit + finger."
prepared_food,R,3,"Overhead studio photograph of the capital letter R built from real snacks, biscuits, sweets and prepared food, laid flat on a seamless pure white background. Soft diffused daylight from the upper left, faint natural contact shadows, sharp focus, true-to-life colour and texture, the letter centred with generous white margin. A real photograph of real objects — not an illustration, not a 3D render, no text, no other letters. Use different objects from these: bourbons; fortune cookie."
prepared_food,S,2,"Overhead studio photograph of the capital letter S built from real snacks, biscuits, sweets and prepared food, laid flat on a seamless pure white background. Soft diffused daylight from the upper left, faint natural contact shadows, sharp focus, true-to-life colour and texture, the letter centred with generous white margin. A real photograph of real objects — not an illustration, not a 3D render, no text, no other letters. Use different objects from these: caramel swirl."
prepared_food,S,3,"Overhead studio photograph of the capital letter S built from real snacks, biscuits, sweets and prepared food, laid flat on a seamless pure white background. Soft diffused daylight from the upper left, faint natural contact shadows, sharp focus, true-to-life colour and texture, the letter centred with generous white margin. A real photograph of real objects — not an illustration, not a 3D render, no text, no other letters. Use different objects from these: caramel swirl."
prepared_food,T,3,"Overhead studio photograph of the capital letter T built from real snacks, biscuits, sweets and prepared food, laid flat on a seamless pure white background. Soft diffused daylight from the upper left, faint natural contact shadows, sharp focus, true-to-life colour and texture, the letter centred with generous white margin. A real photograph of real objects — not an illustration, not a 3D render, no text, no other letters. Use different objects from these: cocktail glass; wafer + choc finger."
prepared_food,V,3,"Overhead studio photograph of the capital letter V built from real snacks, biscuits, sweets and prepared food, laid flat on a seamless pure white background. Soft diffused daylight from the upper left, faint natural contact shadows, sharp focus, true-to-life colour and texture, the letter centred with generous white margin. A real photograph of real objects — not an illustration, not a 3D render, no text, no other letters. Use different objects from these: bourbons; pizza slice."
prepared_food,W,2,"Overhead studio photograph of the capital letter W built from real snacks, biscuits, sweets and prepared food, laid flat on a seamless pure white background. Soft diffused daylight from the upper left, faint natural contact shadows, sharp focus, true-to-life colour and texture, the letter centred with generous white margin. A real photograph of real objects — not an illustration, not a 3D render, no text, no other letters. Use different objects from these: shortbread triangles."
prepared_food,W,3,"Overhead studio photograph of the capital letter W built from real snacks, biscuits, sweets and prepared food, laid flat on a seamless pure white background. Soft diffused daylight from the upper left, faint natural contact shadows, sharp focus, true-to-life colour and texture, the letter centred with generous white margin. A real photograph of real objects — not an illustration, not a 3D render, no text, no other letters. Use different objects from these: shortbread triangles."
prepared_food,X,3,"Overhead studio photograph of the capital letter X built from real snacks, biscuits, sweets and prepared food, laid flat on a seamless pure white background. Soft diffused daylight from the upper left, faint natural contact shadows, sharp focus, true-to-life colour and texture, the letter centred with generous white margin. A real photograph of real objects — not an illustration, not a 3D render, no text, no other letters. Use different objects from these: choc fingers; sausages."
prepared_food,Y,3,"Overhead studio photograph of the capital letter Y built from real snacks, biscuits, sweets and prepared food, laid flat on a seamless pure white background. Soft diffused daylight from the upper left, faint natural contact shadows, sharp focus, true-to-life colour and texture, the letter centred with generous white margin. A real photograph of real objects — not an illustration, not a 3D render, no text, no other letters. Use different objects from these: lobster; wafers."
stationery,D,3,"Overhead studio photograph of the capital letter D built from real office and school stationery, laid flat on a seamless pure white background. Soft diffused daylight from the upper left, faint natural contact shadows, sharp focus, true-to-life colour and texture, the letter centred with generous white margin. A real photograph of real objects — not an illustration, not a 3D render, no text, no other letters. Use different objects from these: binder clips; pencil shavings."
stationery,E,3,"Overhead studio photograph of the capital letter E built from real office and school stationery, laid flat on a seamless pure white background. Soft diffused daylight from the upper left, faint natural contact shadows, sharp focus, true-to-life colour and texture, the letter centred with generous white margin. A real photograph of real objects — not an illustration, not a 3D render, no text, no other letters. Use different objects from these: binder clips; pencil shavings."
stationery,F,3,"Overhead studio photograph of the capital letter F built from real office and school stationery, laid flat on a seamless pure white background. Soft diffused daylight from the upper left, faint natural contact shadows, sharp focus, true-to-life colour and texture, the letter centred with generous white margin. A real photograph of real objects — not an illustration, not a 3D render, no text, no other letters. Use different objects from these: binder clips; pencil shavings."
stationery,L,3,"Overhead studio photograph of the capital letter L built from real office and school stationery, laid flat on a seamless pure white background. Soft diffused daylight from the upper left, faint natural contact shadows, sharp focus, true-to-life colour and texture, the letter centred with generous white margin. A real photograph of real objects — not an illustration, not a 3D render, no text, no other letters. Use different objects from these: binder clips; pencil shavings."
stationery,O,3,"Overhead studio photograph of the capital letter O built from real office and school stationery, laid flat on a seamless pure white background. Soft diffused daylight from the upper left, faint natural contact shadows, sharp focus, true-to-life colour and texture, the letter centred with generous white margin. A real photograph of real objects — not an illustration, not a 3D render, no text, no other letters. Use different objects from these: binder clips; pencil shavings."
stationery,Z,3,"Overhead studio photograph of the capital letter Z built from real office and school stationery, laid flat on a seamless pure white background. Soft diffused daylight from the upper left, faint natural contact shadows, sharp focus, true-to-life colour and texture, the letter centred with generous white margin. A real photograph of real objects — not an illustration, not a 3D render, no text, no other letters. Use different objects from these: binder clips; pencil shavings."
textiles,A,2,"Overhead studio photograph of the capital letter A built from real fabric, yarn, ribbon, rope and knitted or crocheted textile, laid flat on a seamless pure white background. Soft diffused daylight from the upper left, faint natural contact shadows, sharp focus, true-to-life colour and texture, the letter centred with generous white margin. A real photograph of real objects — not an illustration, not a 3D render, no text, no other letters. Use different objects from these: crocheted letter."
textiles,A,3,"Overhead studio photograph of the capital letter A built from real fabric, yarn, ribbon, rope and knitted or crocheted textile, laid flat on a seamless pure white background. Soft diffused daylight from the upper left, faint natural contact shadows, sharp focus, true-to-life colour and texture, the letter centred with generous white margin. A real photograph of real objects — not an illustration, not a 3D render, no text, no other letters. Use different objects from these: crocheted letter."
textiles,B,2,"Overhead studio photograph of the capital letter B built from real fabric, yarn, ribbon, rope and knitted or crocheted textile, laid flat on a seamless pure white background. Soft diffused daylight from the upper left, faint natural contact shadows, sharp focus, true-to-life colour and texture, the letter centred with generous white margin. A real photograph of real objects — not an illustration, not a 3D render, no text, no other letters. Use different objects from these: crocheted letter."
textiles,B,3,"Overhead studio photograph of the capital letter B built from real fabric, yarn, ribbon, rope and knitted or crocheted textile, laid flat on a seamless pure white background. Soft diffused daylight from the upper left, faint natural contact shadows, sharp focus, true-to-life colour and texture, the letter centred with generous white margin. A real photograph of real objects — not an illustration, not a 3D render, no text, no other letters. Use different objects from these: crocheted letter."
textiles,C,2,"Overhead studio photograph of the capital letter C built from real fabric, yarn, ribbon, rope and knitted or crocheted textile, laid flat on a seamless pure white background. Soft diffused daylight from the upper left, faint natural contact shadows, sharp focus, true-to-life colour and texture, the letter centred with generous white margin. A real photograph of real objects — not an illustration, not a 3D render, no text, no other letters. Use different objects from these: crocheted letter."
textiles,C,3,"Overhead studio photograph of the capital letter C built from real fabric, yarn, ribbon, rope and knitted or crocheted textile, laid flat on a seamless pure white background. Soft diffused daylight from the upper left, faint natural contact shadows, sharp focus, true-to-life colour and texture, the letter centred with generous white margin. A real photograph of real objects — not an illustration, not a 3D render, no text, no other letters. Use different objects from these: crocheted letter."
textiles,D,3,"Overhead studio photograph of the capital letter D built from real fabric, yarn, ribbon, rope and knitted or crocheted textile, laid flat on a seamless pure white background. Soft diffused daylight from the upper left, faint natural contact shadows, sharp focus, true-to-life colour and texture, the letter centred with generous white margin. A real photograph of real objects — not an illustration, not a 3D render, no text, no other letters. Use different objects from these: beanie; crocheted letter."
textiles,E,2,"Overhead studio photograph of the capital letter E built from real fabric, yarn, ribbon, rope and knitted or crocheted textile, laid flat on a seamless pure white background. Soft diffused daylight from the upper left, faint natural contact shadows, sharp focus, true-to-life colour and texture, the letter centred with generous white margin. A real photograph of real objects — not an illustration, not a 3D render, no text, no other letters. Use different objects from these: crocheted letter."
textiles,E,3,"Overhead studio photograph of the capital letter E built from real fabric, yarn, ribbon, rope and knitted or crocheted textile, laid flat on a seamless pure white background. Soft diffused daylight from the upper left, faint natural contact shadows, sharp focus, true-to-life colour and texture, the letter centred with generous white margin. A real photograph of real objects — not an illustration, not a 3D render, no text, no other letters. Use different objects from these: crocheted letter."
textiles,F,2,"Overhead studio photograph of the capital letter F built from real fabric, yarn, ribbon, rope and knitted or crocheted textile, laid flat on a seamless pure white background. Soft diffused daylight from the upper left, faint natural contact shadows, sharp focus, true-to-life colour and texture, the letter centred with generous white margin. A real photograph of real objects — not an illustration, not a 3D render, no text, no other letters. Use different objects from these: crocheted letter."
textiles,F,3,"Overhead studio photograph of the capital letter F built from real fabric, yarn, ribbon, rope and knitted or crocheted textile, laid flat on a seamless pure white background. Soft diffused daylight from the upper left, faint natural contact shadows, sharp focus, true-to-life colour and texture, the letter centred with generous white margin. A real photograph of real objects — not an illustration, not a 3D render, no text, no other letters. Use different objects from these: crocheted letter."
textiles,G,2,"Overhead studio photograph of the capital letter G built from real fabric, yarn, ribbon, rope and knitted or crocheted textile, laid flat on a seamless pure white background. Soft diffused daylight from the upper left, faint natural contact shadows, sharp focus, true-to-life colour and texture, the letter centred with generous white margin. A real photograph of real objects — not an illustration, not a 3D render, no text, no other letters. Use different objects from these: crocheted letter."
textiles,G,3,"Overhead studio photograph of the capital letter G built from real fabric, yarn, ribbon, rope and knitted or crocheted textile, laid flat on a seamless pure white background. Soft diffused daylight from the upper left, faint natural contact shadows, sharp focus, true-to-life colour and texture, the letter centred with generous white margin. A real photograph of real objects — not an illustration, not a 3D render, no text, no other letters. Use different objects from these: crocheted letter."
textiles,H,3,"Overhead studio photograph of the capital letter H built from real fabric, yarn, ribbon, rope and knitted or crocheted textile, laid flat on a seamless pure white background. Soft diffused daylight from the upper left, faint natural contact shadows, sharp focus, true-to-life colour and texture, the letter centred with generous white margin. A real photograph of real objects — not an illustration, not a 3D render, no text, no other letters. Use different objects from these: bobbin; crocheted letter."
textiles,I,3,"Overhead studio photograph of the capital letter I built from real fabric, yarn, ribbon, rope and knitted or crocheted textile, laid flat on a seamless pure white background. Soft diffused daylight from the upper left, faint natural contact shadows, sharp focus, true-to-life colour and texture, the letter centred with generous white margin. A real photograph of real objects — not an illustration, not a 3D render, no text, no other letters. Use different objects from these: crocheted letter; paracord lanyard."
textiles,K,2,"Overhead studio photograph of the capital letter K built from real fabric, yarn, ribbon, rope and knitted or crocheted textile, laid flat on a seamless pure white background. Soft diffused daylight from the upper left, faint natural contact shadows, sharp focus, true-to-life colour and texture, the letter centred with generous white margin. A real photograph of real objects — not an illustration, not a 3D render, no text, no other letters. Use different objects from these: crocheted letter."
textiles,K,3,"Overhead studio photograph of the capital letter K built from real fabric, yarn, ribbon, rope and knitted or crocheted textile, laid flat on a seamless pure white background. Soft diffused daylight from the upper left, faint natural contact shadows, sharp focus, true-to-life colour and texture, the letter centred with generous white margin. A real photograph of real objects — not an illustration, not a 3D render, no text, no other letters. Use different objects from these: crocheted letter."
textiles,L,2,"Overhead studio photograph of the capital letter L built from real fabric, yarn, ribbon, rope and knitted or crocheted textile, laid flat on a seamless pure white background. Soft diffused daylight from the upper left, faint natural contact shadows, sharp focus, true-to-life colour and texture, the letter centred with generous white margin. A real photograph of real objects — not an illustration, not a 3D render, no text, no other letters. Use different objects from these: crocheted letter."
textiles,L,3,"Overhead studio photograph of the capital letter L built from real fabric, yarn, ribbon, rope and knitted or crocheted textile, laid flat on a seamless pure white background. Soft diffused daylight from the upper left, faint natural contact shadows, sharp focus, true-to-life colour and texture, the letter centred with generous white margin. A real photograph of real objects — not an illustration, not a 3D render, no text, no other letters. Use different objects from these: crocheted letter."
textiles,M,2,"Overhead studio photograph of the capital letter M built from real fabric, yarn, ribbon, rope and knitted or crocheted textile, laid flat on a seamless pure white background. Soft diffused daylight from the upper left, faint natural contact shadows, sharp focus, true-to-life colour and texture, the letter centred with generous white margin. A real photograph of real objects — not an illustration, not a 3D render, no text, no other letters. Use different objects from these: crocheted letter."
textiles,M,3,"Overhead studio photograph of the capital letter M built from real fabric, yarn, ribbon, rope and knitted or crocheted textile, laid flat on a seamless pure white background. Soft diffused daylight from the upper left, faint natural contact shadows, sharp focus, true-to-life colour and texture, the letter centred with generous white margin. A real photograph of real objects — not an illustration, not a 3D render, no text, no other letters. Use different objects from these: crocheted letter."
textiles,O,2,"Overhead studio photograph of the capital letter O built from real fabric, yarn, ribbon, rope and knitted or crocheted textile, laid flat on a seamless pure white background. Soft diffused daylight from the upper left, faint natural contact shadows, sharp focus, true-to-life colour and texture, the letter centred with generous white margin. A real photograph of real objects — not an illustration, not a 3D render, no text, no other letters. Use different objects from these: crocheted letter."
textiles,O,3,"Overhead studio photograph of the capital letter O built from real fabric, yarn, ribbon, rope and knitted or crocheted textile, laid flat on a seamless pure white background. Soft diffused daylight from the upper left, faint natural contact shadows, sharp focus, true-to-life colour and texture, the letter centred with generous white margin. A real photograph of real objects — not an illustration, not a 3D render, no text, no other letters. Use different objects from these: crocheted letter."
textiles,P,2,"Overhead studio photograph of the capital letter P built from real fabric, yarn, ribbon, rope and knitted or crocheted textile, laid flat on a seamless pure white background. Soft diffused daylight from the upper left, faint natural contact shadows, sharp focus, true-to-life colour and texture, the letter centred with generous white margin. A real photograph of real objects — not an illustration, not a 3D render, no text, no other letters. Use different objects from these: crocheted letter."
textiles,P,3,"Overhead studio photograph of the capital letter P built from real fabric, yarn, ribbon, rope and knitted or crocheted textile, laid flat on a seamless pure white background. Soft diffused daylight from the upper left, faint natural contact shadows, sharp focus, true-to-life colour and texture, the letter centred with generous white margin. A real photograph of real objects — not an illustration, not a 3D render, no text, no other letters. Use different objects from these: crocheted letter."
textiles,Q,2,"Overhead studio photograph of the capital letter Q built from real fabric, yarn, ribbon, rope and knitted or crocheted textile, laid flat on a seamless pure white background. Soft diffused daylight from the upper left, faint natural contact shadows, sharp focus, true-to-life colour and texture, the letter centred with generous white margin. A real photograph of real objects — not an illustration, not a 3D render, no text, no other letters. Use different objects from these: crocheted letter."
textiles,Q,3,"Overhead studio photograph of the capital letter Q built from real fabric, yarn, ribbon, rope and knitted or crocheted textile, laid flat on a seamless pure white background. Soft diffused daylight from the upper left, faint natural contact shadows, sharp focus, true-to-life colour and texture, the letter centred with generous white margin. A real photograph of real objects — not an illustration, not a 3D render, no text, no other letters. Use different objects from these: crocheted letter."
textiles,R,3,"Overhead studio photograph of the capital letter R built from real fabric, yarn, ribbon, rope and knitted or crocheted textile, laid flat on a seamless pure white background. Soft diffused daylight from the upper left, faint natural contact shadows, sharp focus, true-to-life colour and texture, the letter centred with generous white margin. A real photograph of real objects — not an illustration, not a 3D render, no text, no other letters. Use different objects from these: crocheted letter; rope coil."
textiles,T,2,"Overhead studio photograph of the capital letter T built from real fabric, yarn, ribbon, rope and knitted or crocheted textile, laid flat on a seamless pure white background. Soft diffused daylight from the upper left, faint natural contact shadows, sharp focus, true-to-life colour and texture, the letter centred with generous white margin. A real photograph of real objects — not an illustration, not a 3D render, no text, no other letters. Use different objects from these: crocheted letter."
textiles,T,3,"Overhead studio photograph of the capital letter T built from real fabric, yarn, ribbon, rope and knitted or crocheted textile, laid flat on a seamless pure white background. Soft diffused daylight from the upper left, faint natural contact shadows, sharp focus, true-to-life colour and texture, the letter centred with generous white margin. A real photograph of real objects — not an illustration, not a 3D render, no text, no other letters. Use different objects from these: crocheted letter."
textiles,U,2,"Overhead studio photograph of the capital letter U built from real fabric, yarn, ribbon, rope and knitted or crocheted textile, laid flat on a seamless pure white background. Soft diffused daylight from the upper left, faint natural contact shadows, sharp focus, true-to-life colour and texture, the letter centred with generous white margin. A real photograph of real objects — not an illustration, not a 3D render, no text, no other letters. Use different objects from these: crocheted letter."
textiles,U,3,"Overhead studio photograph of the capital letter U built from real fabric, yarn, ribbon, rope and knitted or crocheted textile, laid flat on a seamless pure white background. Soft diffused daylight from the upper left, faint natural contact shadows, sharp focus, true-to-life colour and texture, the letter centred with generous white margin. A real photograph of real objects — not an illustration, not a 3D render, no text, no other letters. Use different objects from these: crocheted letter."
textiles,V,1,"Overhead studio photograph of the capital letter V built from real fabric, yarn, ribbon, rope and knitted or crocheted textile, laid flat on a seamless pure white background. Soft diffused daylight from the upper left, faint natural contact shadows, sharp focus, true-to-life colour and texture, the letter centred with generous white margin. A real photograph of real objects — not an illustration, not a 3D render, no text, no other letters. Use different objects from these: none yet."
textiles,V,2,"Overhead studio photograph of the capital letter V built from real fabric, yarn, ribbon, rope and knitted or crocheted textile, laid flat on a seamless pure white background. Soft diffused daylight from the upper left, faint natural contact shadows, sharp focus, true-to-life colour and texture, the letter centred with generous white margin. A real photograph of real objects — not an illustration, not a 3D render, no text, no other letters. Use different objects from these: none yet."
textiles,V,3,"Overhead studio photograph of the capital letter V built from real fabric, yarn, ribbon, rope and knitted or crocheted textile, laid flat on a seamless pure white background. Soft diffused daylight from the upper left, faint natural contact shadows, sharp focus, true-to-life colour and texture, the letter centred with generous white margin. A real photograph of real objects — not an illustration, not a 3D render, no text, no other letters. Use different objects from these: none yet."
textiles,W,2,"Overhead studio photograph of the capital letter W built from real fabric, yarn, ribbon, rope and knitted or crocheted textile, laid flat on a seamless pure white background. Soft diffused daylight from the upper left, faint natural contact shadows, sharp focus, true-to-life colour and texture, the letter centred with generous white margin. A real photograph of real objects — not an illustration, not a 3D render, no text, no other letters. Use different objects from these: crocheted letter."
textiles,W,3,"Overhead studio photograph of the capital letter W built from real fabric, yarn, ribbon, rope and knitted or crocheted textile, laid flat on a seamless pure white background. Soft diffused daylight from the upper left, faint natural contact shadows, sharp focus, true-to-life colour and texture, the letter centred with generous white margin. A real photograph of real objects — not an illustration, not a 3D render, no text, no other letters. Use different objects from these: crocheted letter."
textiles,X,2,"Overhead studio photograph of the capital letter X built from real fabric, yarn, ribbon, rope and knitted or crocheted textile, laid flat on a seamless pure white background. Soft diffused daylight from the upper left, faint natural contact shadows, sharp focus, true-to-life colour and texture, the letter centred with generous white margin. A real photograph of real objects — not an illustration, not a 3D render, no text, no other letters. Use different objects from these: crocheted letter."
textiles,X,3,"Overhead studio photograph of the capital letter X built from real fabric, yarn, ribbon, rope and knitted or crocheted textile, laid flat on a seamless pure white background. Soft diffused daylight from the upper left, faint natural contact shadows, sharp focus, true-to-life colour and texture, the letter centred with generous white margin. A real photograph of real objects — not an illustration, not a 3D render, no text, no other letters. Use different objects from these: crocheted letter."
textiles,Y,2,"Overhead studio photograph of the capital letter Y built from real fabric, yarn, ribbon, rope and knitted or crocheted textile, laid flat on a seamless pure white background. Soft diffused daylight from the upper left, faint natural contact shadows, sharp focus, true-to-life colour and texture, the letter centred with generous white margin. A real photograph of real objects — not an illustration, not a 3D render, no text, no other letters. Use different objects from these: crocheted letter."
textiles,Y,3,"Overhead studio photograph of the capital letter Y built from real fabric, yarn, ribbon, rope and knitted or crocheted textile, laid flat on a seamless pure white background. Soft diffused daylight from the upper left, faint natural contact shadows, sharp focus, true-to-life colour and texture, the letter centred with generous white margin. A real photograph of real objects — not an illustration, not a 3D render, no text, no other letters. Use different objects from these: crocheted letter."
textiles,Z,3,"Overhead studio photograph of the capital letter Z built from real fabric, yarn, ribbon, rope and knitted or crocheted textile, laid flat on a seamless pure white background. Soft diffused daylight from the upper left, faint natural contact shadows, sharp focus, true-to-life colour and texture, the letter centred with generous white margin. A real photograph of real objects — not an illustration, not a 3D render, no text, no other letters. Use different objects from these: crochet strip; crocheted letter."
tools,C,3,"Overhead studio photograph of the capital letter C built from real hand tools, laid flat on a seamless pure white background. Soft diffused daylight from the upper left, faint natural contact shadows, sharp focus, true-to-life colour and texture, the letter centred with generous white margin. A real photograph of real objects — not an illustration, not a 3D render, no text, no other letters. Use different objects from these: C-clamp; sickle."
tools,I,3,"Overhead studio photograph of the capital letter I built from real hand tools, laid flat on a seamless pure white background. Soft diffused daylight from the upper left, faint natural contact shadows, sharp focus, true-to-life colour and texture, the letter centred with generous white margin. A real photograph of real objects — not an illustration, not a 3D render, no text, no other letters. Use different objects from these: nut + punch; spanner."
tools,J,3,"Overhead studio photograph of the capital letter J built from real hand tools, laid flat on a seamless pure white background. Soft diffused daylight from the upper left, faint natural contact shadows, sharp focus, true-to-life colour and texture, the letter centred with generous white margin. A real photograph of real objects — not an illustration, not a 3D render, no text, no other letters. Use different objects from these: curved blade; hammer + hook."
tools,O,2,"Overhead studio photograph of the capital letter O built from real hand tools, laid flat on a seamless pure white background. Soft diffused daylight from the upper left, faint natural contact shadows, sharp focus, true-to-life colour and texture, the letter centred with generous white margin. A real photograph of real objects — not an illustration, not a 3D render, no text, no other letters. Use different objects from these: ring clamp."
tools,O,3,"Overhead studio photograph of the capital letter O built from real hand tools, laid flat on a seamless pure white background. Soft diffused daylight from the upper left, faint natural contact shadows, sharp focus, true-to-life colour and texture, the letter centred with generous white margin. A real photograph of real objects — not an illustration, not a 3D render, no text, no other letters. Use different objects from these: ring clamp."
tools,Q,3,"Overhead studio photograph of the capital letter Q built from real hand tools, laid flat on a seamless pure white background. Soft diffused daylight from the upper left, faint natural contact shadows, sharp focus, true-to-life colour and texture, the letter centred with generous white margin. A real photograph of real objects — not an illustration, not a 3D render, no text, no other letters. Use different objects from these: circular saw blade + wrench; rubber ring + hook."
tools,S,2,"Overhead studio photograph of the capital letter S built from real hand tools, laid flat on a seamless pure white background. Soft diffused daylight from the upper left, faint natural contact shadows, sharp focus, true-to-life colour and texture, the letter centred with generous white margin. A real photograph of real objects — not an illustration, not a 3D render, no text, no other letters. Use different objects from these: adjustable wrench."
tools,S,3,"Overhead studio photograph of the capital letter S built from real hand tools, laid flat on a seamless pure white background. Soft diffused daylight from the upper left, faint natural contact shadows, sharp focus, true-to-life colour and texture, the letter centred with generous white margin. A real photograph of real objects — not an illustration, not a 3D render, no text, no other letters. Use different objects from these: adjustable wrench."
tools,U,3,"Overhead studio photograph of the capital letter U built from real hand tools, laid flat on a seamless pure white background. Soft diffused daylight from the upper left, faint natural contact shadows, sharp focus, true-to-life colour and texture, the letter centred with generous white margin. A real photograph of real objects — not an illustration, not a 3D render, no text, no other letters. Use different objects from these: U-shaped tongs; pipe + rope."
tools,X,2,"Overhead studio photograph of the capital letter X built from real hand tools, laid flat on a seamless pure white background. Soft diffused daylight from the upper left, faint natural contact shadows, sharp focus, true-to-life colour and texture, the letter centred with generous white margin. A real photograph of real objects — not an illustration, not a 3D render, no text, no other letters. Use different objects from these: wrench + screwdriver."
tools,X,3,"Overhead studio photograph of the capital letter X built from real hand tools, laid flat on a seamless pure white background. Soft diffused daylight from the upper left, faint natural contact shadows, sharp focus, true-to-life colour and texture, the letter centred with generous white margin. A real photograph of real objects — not an illustration, not a 3D render, no text, no other letters. Use different objects from these: wrench + screwdriver."
vehicle,A,2,"Overhead studio photograph of the capital letter A built from real bicycle and vehicle parts, laid flat on a seamless pure white background. Soft diffused daylight from the upper left, faint natural contact shadows, sharp focus, true-to-life colour and texture, the letter centred with generous white margin. A real photograph of real objects — not an illustration, not a 3D render, no text, no other letters. Use different objects from these: cranks + sprocket."
vehicle,A,3,"Overhead studio photograph of the capital letter A built from real bicycle and vehicle parts, laid flat on a seamless pure white background. Soft diffused daylight from the upper left, faint natural contact shadows, sharp focus, true-to-life colour and texture, the letter centred with generous white margin. A real photograph of real objects — not an illustration, not a 3D render, no text, no other letters. Use different objects from these: cranks + sprocket."
vehicle,B,2,"Overhead studio photograph of the capital letter B built from real bicycle and vehicle parts, laid flat on a seamless pure white background. Soft diffused daylight from the upper left, faint natural contact shadows, sharp focus, true-to-life colour and texture, the letter centred with generous white margin. A real photograph of real objects — not an illustration, not a 3D render, no text, no other letters. Use different objects from these: chainrings."
vehicle,B,3,"Overhead studio photograph of the capital letter B built from real bicycle and vehicle parts, laid flat on a seamless pure white background. Soft diffused daylight from the upper left, faint natural contact shadows, sharp focus, true-to-life colour and texture, the letter centred with generous white margin. A real photograph of real objects — not an illustration, not a 3D render, no text, no other letters. Use different objects from these: chainrings."
vehicle,C,2,"Overhead studio photograph of the capital letter C built from real bicycle and vehicle parts, laid flat on a seamless pure white background. Soft diffused daylight from the upper left, faint natural contact shadows, sharp focus, true-to-life colour and texture, the letter centred with generous white margin. A real photograph of real objects — not an illustration, not a 3D render, no text, no other letters. Use different objects from these: crank + pedal + bracket."
vehicle,C,3,"Overhead studio photograph of the capital letter C built from real bicycle and vehicle parts, laid flat on a seamless pure white background. Soft diffused daylight from the upper left, faint natural contact shadows, sharp focus, true-to-life colour and texture, the letter centred with generous white margin. A real photograph of real objects — not an illustration, not a 3D render, no text, no other letters. Use different objects from these: crank + pedal + bracket."
vehicle,D,2,"Overhead studio photograph of the capital letter D built from real bicycle and vehicle parts, laid flat on a seamless pure white background. Soft diffused daylight from the upper left, faint natural contact shadows, sharp focus, true-to-life colour and texture, the letter centred with generous white margin. A real photograph of real objects — not an illustration, not a 3D render, no text, no other letters. Use different objects from these: chain + crank."
vehicle,D,3,"Overhead studio photograph of the capital letter D built from real bicycle and vehicle parts, laid flat on a seamless pure white background. Soft diffused daylight from the upper left, faint natural contact shadows, sharp focus, true-to-life colour and texture, the letter centred with generous white margin. A real photograph of real objects — not an illustration, not a 3D render, no text, no other letters. Use different objects from these: chain + crank."
vehicle,E,2,"Overhead studio photograph of the capital letter E built from real bicycle and vehicle parts, laid flat on a seamless pure white background. Soft diffused daylight from the upper left, faint natural contact shadows, sharp focus, true-to-life colour and texture, the letter centred with generous white margin. A real photograph of real objects — not an illustration, not a 3D render, no text, no other letters. Use different objects from these: crank + bottom brackets."
vehicle,E,3,"Overhead studio photograph of the capital letter E built from real bicycle and vehicle parts, laid flat on a seamless pure white background. Soft diffused daylight from the upper left, faint natural contact shadows, sharp focus, true-to-life colour and texture, the letter centred with generous white margin. A real photograph of real objects — not an illustration, not a 3D render, no text, no other letters. Use different objects from these: crank + bottom brackets."
vehicle,F,2,"Overhead studio photograph of the capital letter F built from real bicycle and vehicle parts, laid flat on a seamless pure white background. Soft diffused daylight from the upper left, faint natural contact shadows, sharp focus, true-to-life colour and texture, the letter centred with generous white margin. A real photograph of real objects — not an illustration, not a 3D render, no text, no other letters. Use different objects from these: seatpost + clamps."
vehicle,F,3,"Overhead studio photograph of the capital letter F built from real bicycle and vehicle parts, laid flat on a seamless pure white background. Soft diffused daylight from the upper left, faint natural contact shadows, sharp focus, true-to-life colour and texture, the letter centred with generous white margin. A real photograph of real objects — not an illustration, not a 3D render, no text, no other letters. Use different objects from these: seatpost + clamps."
vehicle,G,2,"Overhead studio photograph of the capital letter G built from real bicycle and vehicle parts, laid flat on a seamless pure white background. Soft diffused daylight from the upper left, faint natural contact shadows, sharp focus, true-to-life colour and texture, the letter centred with generous white margin. A real photograph of real objects — not an illustration, not a 3D render, no text, no other letters. Use different objects from these: derailleur + handlebar."
vehicle,G,3,"Overhead studio photograph of the capital letter G built from real bicycle and vehicle parts, laid flat on a seamless pure white background. Soft diffused daylight from the upper left, faint natural contact shadows, sharp focus, true-to-life colour and texture, the letter centred with generous white margin. A real photograph of real objects — not an illustration, not a 3D render, no text, no other letters. Use different objects from these: derailleur + handlebar."
vehicle,H,2,"Overhead studio photograph of the capital letter H built from real bicycle and vehicle parts, laid flat on a seamless pure white background. Soft diffused daylight from the upper left, faint natural contact shadows, sharp focus, true-to-life colour and texture, the letter centred with generous white margin. A real photograph of real objects — not an illustration, not a 3D render, no text, no other letters. Use different objects from these: fork."
vehicle,H,3,"Overhead studio photograph of the capital letter H built from real bicycle and vehicle parts, laid flat on a seamless pure white background. Soft diffused daylight from the upper left, faint natural contact shadows, sharp focus, true-to-life colour and texture, the letter centred with generous white margin. A real photograph of real objects — not an illustration, not a 3D render, no text, no other letters. Use different objects from these: fork."
vehicle,I,2,"Overhead studio photograph of the capital letter I built from real bicycle and vehicle parts, laid flat on a seamless pure white background. Soft diffused daylight from the upper left, faint natural contact shadows, sharp focus, true-to-life colour and texture, the letter centred with generous white margin. A real photograph of real objects — not an illustration, not a 3D render, no text, no other letters. Use different objects from these: crank arm + pedals."
vehicle,I,3,"Overhead studio photograph of the capital letter I built from real bicycle and vehicle parts, laid flat on a seamless pure white background. Soft diffused daylight from the upper left, faint natural contact shadows, sharp focus, true-to-life colour and texture, the letter centred with generous white margin. A real photograph of real objects — not an illustration, not a 3D render, no text, no other letters. Use different objects from these: crank arm + pedals."
vehicle,J,2,"Overhead studio photograph of the capital letter J built from real bicycle and vehicle parts, laid flat on a seamless pure white background. Soft diffused daylight from the upper left, faint natural contact shadows, sharp focus, true-to-life colour and texture, the letter centred with generous white margin. A real photograph of real objects — not an illustration, not a 3D render, no text, no other letters. Use different objects from these: chain + seatpost."
vehicle,J,3,"Overhead studio photograph of the capital letter J built from real bicycle and vehicle parts, laid flat on a seamless pure white background. Soft diffused daylight from the upper left, faint natural contact shadows, sharp focus, true-to-life colour and texture, the letter centred with generous white margin. A real photograph of real objects — not an illustration, not a 3D render, no text, no other letters. Use different objects from these: chain + seatpost."
vehicle,K,2,"Overhead studio photograph of the capital letter K built from real bicycle and vehicle parts, laid flat on a seamless pure white background. Soft diffused daylight from the upper left, faint natural contact shadows, sharp focus, true-to-life colour and texture, the letter centred with generous white margin. A real photograph of real objects — not an illustration, not a 3D render, no text, no other letters. Use different objects from these: pedals."
vehicle,K,3,"Overhead studio photograph of the capital letter K built from real bicycle and vehicle parts, laid flat on a seamless pure white background. Soft diffused daylight from the upper left, faint natural contact shadows, sharp focus, true-to-life colour and texture, the letter centred with generous white margin. A real photograph of real objects — not an illustration, not a 3D render, no text, no other letters. Use different objects from these: pedals."
vehicle,L,2,"Overhead studio photograph of the capital letter L built from real bicycle and vehicle parts, laid flat on a seamless pure white background. Soft diffused daylight from the upper left, faint natural contact shadows, sharp focus, true-to-life colour and texture, the letter centred with generous white margin. A real photograph of real objects — not an illustration, not a 3D render, no text, no other letters. Use different objects from these: crank arm."
vehicle,L,3,"Overhead studio photograph of the capital letter L built from real bicycle and vehicle parts, laid flat on a seamless pure white background. Soft diffused daylight from the upper left, faint natural contact shadows, sharp focus, true-to-life colour and texture, the letter centred with generous white margin. A real photograph of real objects — not an illustration, not a 3D render, no text, no other letters. Use different objects from these: crank arm."
vehicle,M,2,"Overhead studio photograph of the capital letter M built from real bicycle and vehicle parts, laid flat on a seamless pure white background. Soft diffused daylight from the upper left, faint natural contact shadows, sharp focus, true-to-life colour and texture, the letter centred with generous white margin. A real photograph of real objects — not an illustration, not a 3D render, no text, no other letters. Use different objects from these: bottom brackets + cranks."
vehicle,M,3,"Overhead studio photograph of the capital letter M built from real bicycle and vehicle parts, laid flat on a seamless pure white background. Soft diffused daylight from the upper left, faint natural contact shadows, sharp focus, true-to-life colour and texture, the letter centred with generous white margin. A real photograph of real objects — not an illustration, not a 3D render, no text, no other letters. Use different objects from these: bottom brackets + cranks."
vehicle,N,2,"Overhead studio photograph of the capital letter N built from real bicycle and vehicle parts, laid flat on a seamless pure white background. Soft diffused daylight from the upper left, faint natural contact shadows, sharp focus, true-to-life colour and texture, the letter centred with generous white margin. A real photograph of real objects — not an illustration, not a 3D render, no text, no other letters. Use different objects from these: crank + bottom bracket."
vehicle,N,3,"Overhead studio photograph of the capital letter N built from real bicycle and vehicle parts, laid flat on a seamless pure white background. Soft diffused daylight from the upper left, faint natural contact shadows, sharp focus, true-to-life colour and texture, the letter centred with generous white margin. A real photograph of real objects — not an illustration, not a 3D render, no text, no other letters. Use different objects from these: crank + bottom bracket."
vehicle,O,3,"Overhead studio photograph of the capital letter O built from real bicycle and vehicle parts, laid flat on a seamless pure white background. Soft diffused daylight from the upper left, faint natural contact shadows, sharp focus, true-to-life colour and texture, the letter centred with generous white margin. A real photograph of real objects — not an illustration, not a 3D render, no text, no other letters. Use different objects from these: cart wheel; wheel."
vehicle,P,2,"Overhead studio photograph of the capital letter P built from real bicycle and vehicle parts, laid flat on a seamless pure white background. Soft diffused daylight from the upper left, faint natural contact shadows, sharp focus, true-to-life colour and texture, the letter centred with generous white margin. A real photograph of real objects — not an illustration, not a 3D render, no text, no other letters. Use different objects from these: pedal + crank."
vehicle,P,3,"Overhead studio photograph of the capital letter P built from real bicycle and vehicle parts, laid flat on a seamless pure white background. Soft diffused daylight from the upper left, faint natural contact shadows, sharp focus, true-to-life colour and texture, the letter centred with generous white margin. A real photograph of real objects — not an illustration, not a 3D render, no text, no other letters. Use different objects from these: pedal + crank."
vehicle,Q,2,"Overhead studio photograph of the capital letter Q built from real bicycle and vehicle parts, laid flat on a seamless pure white background. Soft diffused daylight from the upper left, faint natural contact shadows, sharp focus, true-to-life colour and texture, the letter centred with generous white margin. A real photograph of real objects — not an illustration, not a 3D render, no text, no other letters. Use different objects from these: chainring + crank."
vehicle,Q,3,"Overhead studio photograph of the capital letter Q built from real bicycle and vehicle parts, laid flat on a seamless pure white background. Soft diffused daylight from the upper left, faint natural contact shadows, sharp focus, true-to-life colour and texture, the letter centred with generous white margin. A real photograph of real objects — not an illustration, not a 3D render, no text, no other letters. Use different objects from these: chainring + crank."
vehicle,R,2,"Overhead studio photograph of the capital letter R built from real bicycle and vehicle parts, laid flat on a seamless pure white background. Soft diffused daylight from the upper left, faint natural contact shadows, sharp focus, true-to-life colour and texture, the letter centred with generous white margin. A real photograph of real objects — not an illustration, not a 3D render, no text, no other letters. Use different objects from these: crank + sprocket."
vehicle,R,3,"Overhead studio photograph of the capital letter R built from real bicycle and vehicle parts, laid flat on a seamless pure white background. Soft diffused daylight from the upper left, faint natural contact shadows, sharp focus, true-to-life colour and texture, the letter centred with generous white margin. A real photograph of real objects — not an illustration, not a 3D render, no text, no other letters. Use different objects from these: crank + sprocket."
vehicle,S,2,"Overhead studio photograph of the capital letter S built from real bicycle and vehicle parts, laid flat on a seamless pure white background. Soft diffused daylight from the upper left, faint natural contact shadows, sharp focus, true-to-life colour and texture, the letter centred with generous white margin. A real photograph of real objects — not an illustration, not a 3D render, no text, no other letters. Use different objects from these: chain."
vehicle,S,3,"Overhead studio photograph of the capital letter S built from real bicycle and vehicle parts, laid flat on a seamless pure white background. Soft diffused daylight from the upper left, faint natural contact shadows, sharp focus, true-to-life colour and texture, the letter centred with generous white margin. A real photograph of real objects — not an illustration, not a 3D render, no text, no other letters. Use different objects from these: chain."
vehicle,T,2,"Overhead studio photograph of the capital letter T built from real bicycle and vehicle parts, laid flat on a seamless pure white background. Soft diffused daylight from the upper left, faint natural contact shadows, sharp focus, true-to-life colour and texture, the letter centred with generous white margin. A real photograph of real objects — not an illustration, not a 3D render, no text, no other letters. Use different objects from these: bars + pedals."
vehicle,T,3,"Overhead studio photograph of the capital letter T built from real bicycle and vehicle parts, laid flat on a seamless pure white background. Soft diffused daylight from the upper left, faint natural contact shadows, sharp focus, true-to-life colour and texture, the letter centred with generous white margin. A real photograph of real objects — not an illustration, not a 3D render, no text, no other letters. Use different objects from these: bars + pedals."
vehicle,U,2,"Overhead studio photograph of the capital letter U built from real bicycle and vehicle parts, laid flat on a seamless pure white background. Soft diffused daylight from the upper left, faint natural contact shadows, sharp focus, true-to-life colour and texture, the letter centred with generous white margin. A real photograph of real objects — not an illustration, not a 3D render, no text, no other letters. Use different objects from these: bottom brackets + cassette."
vehicle,U,3,"Overhead studio photograph of the capital letter U built from real bicycle and vehicle parts, laid flat on a seamless pure white background. Soft diffused daylight from the upper left, faint natural contact shadows, sharp focus, true-to-life colour and texture, the letter centred with generous white margin. A real photograph of real objects — not an illustration, not a 3D render, no text, no other letters. Use different objects from these: bottom brackets + cassette."
vehicle,V,2,"Overhead studio photograph of the capital letter V built from real bicycle and vehicle parts, laid flat on a seamless pure white background. Soft diffused daylight from the upper left, faint natural contact shadows, sharp focus, true-to-life colour and texture, the letter centred with generous white margin. A real photograph of real objects — not an illustration, not a 3D render, no text, no other letters. Use different objects from these: bottom brackets."
vehicle,V,3,"Overhead studio photograph of the capital letter V built from real bicycle and vehicle parts, laid flat on a seamless pure white background. Soft diffused daylight from the upper left, faint natural contact shadows, sharp focus, true-to-life colour and texture, the letter centred with generous white margin. A real photograph of real objects — not an illustration, not a 3D render, no text, no other letters. Use different objects from these: bottom brackets."
vehicle,W,2,"Overhead studio photograph of the capital letter W built from real bicycle and vehicle parts, laid flat on a seamless pure white background. Soft diffused daylight from the upper left, faint natural contact shadows, sharp focus, true-to-life colour and texture, the letter centred with generous white margin. A real photograph of real objects — not an illustration, not a 3D render, no text, no other letters. Use different objects from these: cranks + chainring."
vehicle,W,3,"Overhead studio photograph of the capital letter W built from real bicycle and vehicle parts, laid flat on a seamless pure white background. Soft diffused daylight from the upper left, faint natural contact shadows, sharp focus, true-to-life colour and texture, the letter centred with generous white margin. A real photograph of real objects — not an illustration, not a 3D render, no text, no other letters. Use different objects from these: cranks + chainring."
vehicle,X,2,"Overhead studio photograph of the capital letter X built from real bicycle and vehicle parts, laid flat on a seamless pure white background. Soft diffused daylight from the upper left, faint natural contact shadows, sharp focus, true-to-life colour and texture, the letter centred with generous white margin. A real photograph of real objects — not an illustration, not a 3D render, no text, no other letters. Use different objects from these: pedals."
vehicle,X,3,"Overhead studio photograph of the capital letter X built from real bicycle and vehicle parts, laid flat on a seamless pure white background. Soft diffused daylight from the upper left, faint natural contact shadows, sharp focus, true-to-life colour and texture, the letter centred with generous white margin. A real photograph of real objects — not an illustration, not a 3D render, no text, no other letters. Use different objects from these: pedals."
vehicle,Y,2,"Overhead studio photograph of the capital letter Y built from real bicycle and vehicle parts, laid flat on a seamless pure white background. Soft diffused daylight from the upper left, faint natural contact shadows, sharp focus, true-to-life colour and texture, the letter centred with generous white margin. A real photograph of real objects — not an illustration, not a 3D render, no text, no other letters. Use different objects from these: derailleur."
vehicle,Y,3,"Overhead studio photograph of the capital letter Y built from real bicycle and vehicle parts, laid flat on a seamless pure white background. Soft diffused daylight from the upper left, faint natural contact shadows, sharp focus, true-to-life colour and texture, the letter centred with generous white margin. A real photograph of real objects — not an illustration, not a 3D render, no text, no other letters. Use different objects from these: derailleur."
vehicle,Z,2,"Overhead studio photograph of the capital letter Z built from real bicycle and vehicle parts, laid flat on a seamless pure white background. Soft diffused daylight from the upper left, faint natural contact shadows, sharp focus, true-to-life colour and texture, the letter centred with generous white margin. A real photograph of real objects — not an illustration, not a 3D render, no text, no other letters. Use different objects from these: crank arms."
vehicle,Z,3,"Overhead studio photograph of the capital letter Z built from real bicycle and vehicle parts, laid flat on a seamless pure white background. Soft diffused daylight from the upper left, faint natural contact shadows, sharp focus, true-to-life colour and texture, the letter centred with generous white margin. A real photograph of real objects — not an illustration, not a 3D render, no text, no other letters. Use different objects from these: crank arms."
